name,sex
Aba,F
Abaca,F
Abacan,F
Abay,M
Abayhan,M
Abaza,F
Abaç,F
Abbas,M
Abdal,M
Abdi,M
Abdullah,M
Abdurrahman,M
Abdülazim,M
Abdülaziz,M
Abdülbaki,M
Abdülbari,M
Abdülbasir,M
Abdülbasit,M
Abdülcabbar,M
Abdülcebbar,M
Abdülcelil,M
Abdülcemal,M
Abdülcevat,M
Abdülezel,M
Abdülferit,M
Abdülfettah,M
Abdülgaffar,M
Abdülgaffur,M
Abdülgafur,M
Abdülgani,M
Abdülhadi,M
Abdülhak,M
Abdülhakim,M
Abdülhalik,M
Abdülhalim,M
Abdülhamit,M
Abdülkadir,M
Abdülkahhar,M
Abdülkerim,M
Abdüllâtif,M
Abdülmecit,M
Abdülmelik,M
Abdülmennan,M
Abdülmetin,M
Abdülnasır,M
Abdülvahap,M
Abdülvahit,M
Abdülâlim,M
Abdürrahim,M
Abdürrahman,M
Abdürrauf,M
Abdürrezzak,M
Abdürreşit,M
Abdüssamet,M
Abdüssami,M
Abdüsselâm,M
Abdüssemi,M
Abdüssettar,M
Abdüzzeki,M
Abgül,F
Abher,F
Abid,M
Abide,F
Abidin,M
Abil,M
Abir,M
Abit,M
Abiye,F
Ablak,M
Abraş,M
Abruy,F
Abuzer,M
Abuzettin,M
Abuşka,M
Abıhayat,F
Abır,M
Abıru,F
Aca,M
Acabay,M
Acabey,M
Acahan,M
Acar,U
Acaralp,M
Acarbegüm,F
Acarbey,M
Acarbike,F
Acarbüke,F
Acarer,M
Acarhatun,F
Acarkan,U
Acarkatun,F
Acarman,M
Acarsoy,M
Acartürk,M
Acaröz,M
Acatay,M
Aclan,M
Acun,M
Acunal,M
Acunalan,M
Acunalp,M
Acunbegim,F
Acunbegüm,F
Acunbike,F
Acunbüke,F
Acuner,M
Acungüneş,F
Acunman,M
Acunseven,M
Acunışık,F
Acıdaş,M
Adahan,M
Adak,U
Adal,U
Adalan,M
Adalet,F
Adalettin,M
Adam,M
Adamış,M
Adanan,M
Adanır,U
Adar,U
Adarkan,M
Adasal,M
Aday,M
Adaş,M
Adeviye,F
Adil,M
Adile,F
Adilhan,M
Adlan,M
Adli,M
Adlı,M
Adlığ,M
Adnan,M
Adni,M
Adniye,F
Adsoy,M
Adsız,M
Adviye,F
Adıbelli,U
Adıgün,M
Adıgüzel,U
Adın,M
Adısanlı,M
Adısönmez,M
Adıvar,M
Adıyahşi,M
Adıyaman,M
Adışah,F
Afacan,M
Afak,U
Afer,M
Afet,F
Affan,U
Afi,F
Afif,M
Afife,F
Afitap,F
Afiye,F
Afiyet,F
Afra,F
Afşar,M
Afşin,M
Agil,M
Aguş,F
Agâh,M
Ahen,M
Ahenk,F
Ahfeş,M
Ahi,M
Ahmet,M
Ahsen,U
Ahter,U
Ahu,F
Ahıska,M
Aişe,F
Ajda,F
Ajlan,M
Ak,F
Aka,M
Akabay,M
Akabey,M
Akad,M
Akadlı,M
Akal,M
Akalan,M
Akalp,M
Akaltan,M
Akalın,U
Akan,M
Akanay,U
Akaner,M
Akansu,M
Akant,M
Akanyıldız,M
Akarca,M
Akarsel,M
Akarsu,U
Akartuna,M
Akartürk,M
Akarçay,M
Akasma,M
Akasoy,M
Akata,M
Akatay,M
Akay,U
Akaydın,M
Akağan,M
Akbacı,F
Akbal,U
Akbaran,M
Akbatu,M
Akbatur,M
Akbay,M
Akbayar,M
Akbaş,M
Akbaşak,U
Akbek,M
Akbel,M
Akbet,M
Akbey,M
Akbil,M
Akbilge,M
Akbora,M
Akboy,M
Akboğa,M
Akbudun,M
Akbulut,M
Akburak,M
Akburç,M
Akburçak,M
Akbuğ,M
Akbörü,M
Akcan,U
Akcebe,M
Akcivan,M
Akdal,M
Akdamar,M
Akdağ,M
Akdemir,M
Akdeniz,M
Akdes,U
Akdik,M
Akdiken,M
Akdil,M
Akdolun,F
Akdora,M
Akdoru,M
Akdoruk,M
Akdoğ,M
Akdoğan,M
Akdoğdu,M
Akdoğmuş,M
Akdoğu,M
Akduman,M
Akdur,M
Akdurmuş,M
Akdöl,M
Akel,U
Aker,M
Akergin,M
Akerman,M
Akersan,M
Akersoy,M
Akgil,M
Akgiray,M
Akgöl,M
Akgöze,M
Akgül,F
Akgün,M
Akgündüz,M
Akgüner,M
Akgüneş,U
Akgüngör,U
Akgüç,M
Akhan,M
Akhanım,F
Akhun,M
Akibe,F
Akide,F
Akif,M
Akife,F
Akil,M
Akile,F
Akinci,F
Akip,M
Akipek,F
Akkadın,F
Akkan,M
Akkar,F
Akkaya,M
Akkaynak,M
Akkaş,M
Akkemik,M
Akkerman,M
Akkor,F
Akkurt,M
Akkutlu,F
Akkuyaş,M
Akkuş,M
Akköz,M
Akkılıç,M
Akkın,M
Akkız,F
Aklan,M
Akman,M
Akmanalp,M
Akmaner,M
Akmaral,F
Akmaç,M
Akmeriç,M
Aknur,F
Akol,F
Akozan,M
Akpay,M
Akpolat,M
Akpulat,M
Akpınar,U
Aksal,M
Aksan,M
Aksarı,F
Aksay,M
Aksel,U
Aksen,F
Akser,M
Akses,U
Akseven,F
Aksevil,F
Aksoy,U
Aksu,U
Aksun,M
Aksuna,F
Aksunar,M
Aksuner,M
Aksungur,M
Aksöğüt,M
Aksülün,F
Aksüyek,U
Aksın,U
Aktalay,M
Aktan,M
Aktar,M
Aktay,M
Aktaç,U
Aktaş,M
Aktekin,M
Aktemür,M
Aktimur,M
Aktolga,M
Aktolun,F
Aktuna,U
Aktunç,M
Aktuğ,M
Aktün,M
Aktürk,M
Aktı,M
Akvarol,M
Akyel,M
Akyipek,F
Akyiğit,M
Akyol,M
Akyurt,M
Akyön,M
Akyürek,M
Akyüz,M
Akyıldız,U
Akça,U
Akçabay,M
Akçael,M
Akçagül,F
Akçakan,M
Akçakaya,M
Akçakoca,M
Akçakıl,M
Akçal,M
Akçalı,M
Akçam,M
Akçan,M
Akçasu,U
Akçay,M
Akçer,M
Akçit,M
Akçiçek,F
Akçora,M
Akçıl,U
Akçınar,M
Akçığır,M
Akönder,M
Akören,M
Aköz,M
Akün,U
Akünal,M
Akı,M
Akıalp,M
Akıl,M
Akılbek,M
Akıllı,M
Akıman,M
Akın,M
Akınal,M
Akınalp,M
Akıncı,M
Akıncıbay,M
Akıner,M
Akıneri,M
Akıntan,M
Akşit,M
Akşın,M
Ala,U
Alabay,M
Alabaş,M
Alabegim,F
Alabegüm,F
Alabezek,F
Alaca,M
Alacan,M
Aladoğan,M
Alageyik,F
Alagöz,F
Alagün,F
Alahan,M
Alakoç,M
Alakurt,M
Alakuş,U
Alakız,F
Alan,M
Alanalp,M
Alanay,M
Alanbay,M
Alaner,M
Alangoya,F
Alangu,M
Alanur,F
Alapınar,F
Alat,M
Alatan,M
Alatay,M
Alataş,M
Alay,M
Alaybey,M
Alayunt,F
Alaz,U
Alaçam,M
Alaçuk,M
Albayrak,M
Albeni,F
Albora,M
Alburak,M
Alcan,M
Aldemir,M
Aldeniz,F
Aldoğan,M
Alem,M
Alemdar,M
Alemşah,F
Alev,F
Alevnaz,F
Algan,M
Algu,M
Algun,M
Algur,M
Algül,F
Algün,U
Algın,M
Algış,F
Alhan,M
Ali,M
Alican,M
Alihan,M
Alika,F
Alim,M
Alime,F
Alipek,F
Alisa,F
Alise,F
Aliyar,M
Aliye,F
Aliş,M
Alişah,M
Alişan,M
Alkan,U
Alkaş,M
Alkor,U
Alkoç,M
Alkun,M
Alköz,F
Alkılıç,M
Alkım,U
Alkın,M
Alkış,M
Allahverdi,M
Allı,F
Allıkız,F
Almabanu,F
Almagül,F
Almila,F
Almile,F
Almula,F
Almıla,U
Alnar,M
Alnıak,M
Alnıaçık,M
Alp,M
Alpagu,M
Alpak,M
Alpar,M
Alparslan,M
Alpartun,M
Alpaslan,M
Alpat,M
Alpata,M
Alpay,M
Alpaydın,M
Alpayer,M
Alpağan,M
Alpbilge,M
Alpdemir,M
Alpdoğan,M
Alper,M
Alperen,M
Alpergin,M
Alpermiş,M
Alpertunga,M
Alpgiray,M
Alphan,M
Alpkan,M
Alpkanat,M
Alpkartal,M
Alpkutlu,M
Alpkülük,M
Alpkın,M
Alpman,M
Alpnur,F
Alpoğan,M
Alpsoy,M
Alpsü,M
Alptekin,M
Alptoğan,M
Alptuğ,M
Alpyürek,M
Alpyürük,M
Alpçetin,M
Alsan,U
Alsancak,M
Alsevin,F
Alsoy,U
Alsu,F
Altan,U
Altaner,M
Altav,M
Altay,M
Altaç,U
Altaş,M
Altemür,M
Alten,M
Altop,M
Altoğan,M
Altun,M
Altuna,M
Altunay,M
Altunbaş,M
Altuncan,F
Altuner,M
Altunhan,M
Altuntaş,M
Altunç,M
Altunçağ,M
Altuğ,M
Altın,U
Altınay,U
Altınbaran,M
Altınbay,M
Altınbaş,M
Altınbaşak,F
Altınbike,F
Altındal,F
Altınel,M
Altıner,M
Altıngül,F
Altınhan,M
Altınhanım,F
Altınhatun,F
Altıniz,U
Altınkaya,M
Altınkılıç,M
Altınkız,F
Altınnur,F
Altınok,M
Altınsaç,F
Altınsoy,M
Altıntaç,U
Altıntaş,M
Altıntop,M
Altıntuğ,M
Altınçiçek,F
Altınöz,M
Altınışık,U
Altınışın,U
Alyipek,F
Alâaddin,M
Alâmet,M
Alçin,F
Alçiçek,F
Alçık,M
Alçın,M
Alçınsu,M
Alıcı ,M
Alım,F
Alımlı,F
Alıncak,F
Alışık,U
Alışın,F
Amanullah,M
Amaç,M
Amber,F
Amil,M
Amile,F
Amine,F
Amir,M
Amiran,F
Amire,F
Amre,F
Anabacı,F
Anabörü,F
Anadolu,M
Anahanım,F
Anakadın,F
Anakız,F
Anar,F
Anargül,F
Anber,F
Ancı,M
Andak,M
Andaç,U
Andelip,U
Andiç,M
Andıç,M
Angı,M
Angıl,M
Angın,U
Angıt,M
Angış,M
Anka,F
Anlı,M
Annak,M
Ant,M
Ançıbay,M
Anı,M
Anık,M
Anıl,U
Anıt,M
Apa,M
Apak,M
Apakhan,M
Apaydın,M
Aracı,M
Arafat,M
Aral,U
Aran,U
Aras,M
Arat,M
Araz,U
Arbay,M
Arbaş,M
Arbek,M
Arca,M
Arcan,M
Arda,U
Ardahan,M
Ardemir,M
Ardıl,M
Ardıç,M
Arefe,F
Arel,M
Arer,M
Argana,F
Argu,M
Arguç,M
Argüden,M
Argüder,M
Argün,M
Argın,M
Arhan,M
Ari,M
Arif,M
Arife,F
Arik,M
Arkadaş,M
Arkan,M
Arkay,F
Arkoç,M
Arkun,M
Arkut,M
Arkın,U
Arkış,M
Arlan,M
Arman,U
Armanç,F
Armağan,U
Arna,M
Arol,M
Arpad,M
Arpak,M
Arpağ,M
Arpınar,M
Arsal,U
Arsan,M
Arslan,M
Arslaner,M
Arsoy,M
Artam,M
Artan,M
Artaç,M
Artuk,M
Artun,M
Artunç,M
Artut,M
Artuç,M
Artık,M
Aru,U
Arukan,M
Arukız,F
Aryüz,M
Arziye,F
Arzu,F
Arzugül,F
Arzuhan,F
Arzum,F
Arzık,M
Arı,U
Arıbal,M
Arıbaş,M
Arıboğa,M
Arıca,M
Arıcan,U
Arıel,U
Arıer,M
Arıhan,M
Arık,M
Arıkal,M
Arıkan,M
Arıkboğa,M
Arıker,M
Arıkhan,M
Arıkiz,M
Arıkol,M
Arıkut,M
Arıl,M
Arıman,M
Arın,U
Arınç,U
Arınık,M
Arıpınar,U
Arısal,M
Arısan,M
Arısoy,M
Arısu,U
Arıtan,M
Arıtaş,M
Arıyüz,M
Arıç,U
Arığ,M
Arış,M
Asaf,M
Asal,M
Asalbegim,F
Asalbegüm,F
Asalet,U
Asan,M
Asena,F
Asfer,F
Asil,M
Asile,F
Asime,F
Asimegül,F
Asiye,F
Aslan,M
Aslaner,M
Aslanhan,M
Asliye,F
Aslı,F
Aslıbey,M
Aslıgül,F
Aslıhan,U
Aslım,F
Aslınur,F
Asma,F
Asri,M
Asu,U
Asude,F
Asuman,F
Asutay,M
Asya,F
Asye,F
Ası,M
Asıf,M
Asılbanu,F
Asılgül,F
Asım,M
Asıma,F
Ata,M
Ataan,M
Atabay,M
Atabek,M
Atabey,M
Atabörü,M
Atacan,M
Atadan,M
Ataergin,M
Atagül,F
Atagün,M
Atahan,M
Atak,M
Atakan,M
Ataker,M
Atakul,M
Atakurt,M
Atakut,M
Atalan,M
Atalay,M
Atalmış,M
Ataman,M
Atambay,M
Atamer,M
Atamtürk,M
Ataner,M
Atanur,U
Ataol,M
Atasagun,M
Atasan,M
Atasay,M
Atasev,M
Ataseven,M
Atasever,M
Atasevin,M
Atasoy,M
Atasü,M
Atatuğ,M
Atatöre,M
Atatüre,M
Atatürk,M
Ataullah,M
Atay,M
Ataç,M
Ataöv,M
Ataün,M
Ateş,M
Atfi,M
Atgun,M
Atik,M
Atila,M
Atilla,M
Atime,F
Atiye,F
Atlan,M
Atlas,F
Atlı,M
Atlıhan,M
Atlığ,M
Atmaca,M
Atom,M
Attilâ,M
Atuf,M
Atâ,M
Atıf,M
Atıfa,F
Atıfe,F
Atıl,M
Atılay,U
Atılgan,M
Atız,M
Avar,M
Avcı,M
Avhan,M
Avkan,M
Avni,M
Avniye,F
Avunç,U
Avşar,M
Ay,U
Aya,F
Ayaba,F
Ayal,F
Ayalp,M
Ayaltın,U
Ayana,F
Ayanfer,F
Ayanç,M
Ayas,U
Ayasun,F
Ayata,M
Ayataç,U
Ayaydın,M
Ayaz,M
Ayaça,F
Ayaşan,F
Aybala,F
Aybanu,F
Aybar,M
Aybars,M
Aybay,M
Aybaş,M
Aybegim,F
Aybegüm,F
Aybek,M
Ayben,F
Aybeniz,F
Ayberk,M
Aybet,F
Aybey,M
Aybige,F
Aybike,F
Aybir,F
Aybirgen,F
Aybora,M
Ayboğa,M
Aybüge,F
Aybüke,F
Ayca,F
Aycagül,F
Aycahan,F
Aycan,U
Aycennet,F
Ayceren,F
Aycihan,M
Aycıl,M
Ayda,F
Aydagül,F
Aydan,F
Aydanarı,F
Aydanur,F
Aydar,U
Aydemir,M
Aydeniz,U
Aydenk,F
Aydil,F
Aydilek,F
Aydinç,U
Aydolu,F
Aydolun,U
Aydonat,M
Aydoğan,U
Aydoğdu,M
Aydoğmuş,M
Ayduru,F
Aydın,U
Aydınalp,M
Aydınay,U
Aydınbay,M
Aydınbey,M
Aydınel,M
Aydıner,M
Aydınol,M
Aydıntan,M
Aydıntuğ,M
Aydınyol,M
Ayet,M
Ayetullah,M
Ayfer,F
Ayferi,F
Ayferim,F
Aygen,F
Aygerim,F
Aygut,M
Aygutalp,M
Aygök,F
Aygöl,F
Aygönenç,F
Aygönül,F
Aygül,F
Aygüler,F
Aygülhan,F
Aygümüş,F
Aygün,U
Aygüner,M
Aygünkız,F
Aygür,F
Aygüzel,F
Ayhan,U
Ayhanım,F
Ayhatun,F
Ayilkin,F
Aykal,U
Aykan,U
Aykatun,F
Aykaç,M
Aykaş,F
Aykul,M
Aykurt,M
Aykut,U
Aykutalp,M
Aykutlu,M
Aykönül,F
Aykün,F
Aykın,M
Aykız,F
Ayla,F
Aylan,U
Aylanur,F
Aylin,F
Ayman,M
Aymaral,F
Aymelek,F
Aymete,M
Aymutlu,M
Ayna,F
Aynagül,F
Ayni,M
Aynisa,F
Ayniye,F
Aynişah,F
Aynur,F
Aynıfer,F
Aynımah,F
Aypar,M
Aypare,F
Aypars,M
Ayperi,F
Aypolat,M
Aypınar,F
Ayral,U
Ayrıl,M
Aysal,U
Aysan,U
Aysel,F
Ayselen,F
Aysema,F
Aysen,F
Ayser,F
Aysere,F
Ayseren,F
Aysev,U
Ayseven,F
Aysever,M
Aysevil,F
Aysevim,F
Aysevin,M
Aysim,F
Aysima,F
Aysine,F
Aysoy,U
Aysu,U
Aysuda,F
Aysultan,F
Aysun,U
Aysuna,F
Aysunar,U
Aysunay,F
Aysungur,M
Aysü,M
Aysılu,F
Aysın,U
Aytan,U
Aytar,M
Aytaç,U
Aytek,U
Aytekin,M
Aytemiz,U
Aytemur,M
Ayten,F
Ayterim,F
Aytigin,M
Aytimur,M
Aytirim,F
Aytok,M
Aytolun,U
Aytop,U
Aytuna,U
Aytunca,M
Aytunga,M
Aytunç,M
Aytutkun,F
Aytuğ,U
Aytöre,U
Aytöz,F
Aytül,F
Aytün,U
Aytürk,U
Aytış,M
Ayulduz,F
Ayvaz,M
Ayver,F
Ayverdi,U
Ayyalap,F
Ayyalın,F
Ayyarkın,U
Ayyaruk,U
Ayyuca,F
Ayyüce,U
Ayyüz,F
Ayyıldız,U
Ayzühre,F
Ayzıt,F
Ayça,F
Ayçağ,F
Ayçetin,M
Ayçil,F
Ayçiçek,F
Ayçolpan,F
Ayçulpan,F
Ayçıl,F
Ayülger,F
Ayülker,F
Ayün,M
Ayık,M
Ayım,F
Ayımbet,F
Ayımşa,F
Ayışını,F
Ayışığı,F
Ayşan,U
Ayşe,F
Ayşecan,F
Ayşedudu,F
Ayşegül,F
Ayşehan,F
Ayşen,F
Ayşenur,F
Ayşim,F
Ayşin,F
Ayşirin,F
Ayşöhret,F
Ayşıl,F
Ayşın,F
Azade,F
Azadi,M
Azam,M
Azamet,M
Azamettin,M
Azat,M
Azelya,F
Azer,U
Azim,M
Azime,F
Aziz,M
Azize,F
Azmi,M
Azmidil,F
Azmun,M
Aznavur,M
Azra,F
Azrak,M
Azze,F
Aça,F
Açalya,F
Açangül,F
Açelya,F
Açine,M
Açkıngül,F
Açıkalın,M
Açıkel,M
Açıker,M
Açıkgün,M
Açıl,M
Açılay,F
Ağa,M
Ağabay,M
Ağacan,M
Ağahan,M
Ağahanım,F
Ağahatun,F
Ağakan,M
Ağakatun,F
Ağan,U
Ağanbegim,F
Ağanbegüm,F
Ağanbike,F
Ağanbüke,F
Ağaner,M
Ağaoğlu,M
Ağar,M
Ağarantan,M
Ağaverdi,M
Ağbacı,F
Ağbegim,F
Ağbegüm,F
Ağbet,F
Ağbilek,F
Ağca,U
Ağcabey,M
Ağer,M
Ağgül,F
Ağkız,F
Ağnak,M
Ağyar,M
Ağça,F
Ağçelik,M
Ağın,M
Ağırtaş,M
Ağış,U
Aşa,F
Aşan,M
Aşcır,M
Aşina,F
Aşir,M
Aşkan,M
Aşkım,F
Aşkın,U
Aşkınay,M
Aşkıner,M
Aşır,M
Babacan,M
Babayiğit,M
Babaç,M
Babür,M
Babürşah,M
Bacı,F
Bade,F
Badegül,F
Badiye,F
Baha,M
Bahadır,M
Bahadırhan,M
Bahai,M
Bahar,F
Bahattin,M
Bahir,M
Bahise,F
Bahri,M
Bahriye,F
Bahti,M
Bahtiyar,U
Bahtınur,F
Bahtıser,F
Bahtışen,F
Bahşı,M
Bakanay,U
Baki,M
Bakinaz,F
Bakiye,F
Baksı,M
Bakır,M
Bakırhan,M
Bala,M
Balaban,M
Balaman,M
Balamir,M
Balatekin,M
Balatürk,M
Balaz,M
Balbal,M
Balbay,M
Balbey,M
Balca,F
Balcan,M
Baldan,F
Baldemir,M
Baler,M
Balhan,M
Balibey,M
Balk,M
Balkan,M
Balkoç,M
Balkı,U
Balkın,F
Balkır,U
Balkız,F
Balkış,M
Ballı,F
Balsan,M
Balsarı,F
Baltaş,M
Balâ,M
Balâbey,M
Balı,M
Balıbaş,M
Balıbey,M
Balım,U
Balın,F
Balşeker,F
Bandak,M
Bangu,M
Banu,F
Banuhan,F
Barak,M
Baran,M
Baranalp,M
Baranbilge,M
Baransel,M
Baray,M
Barbaros,M
Baria,F
Barik,M
Barika,F
Bariz,M
Barkan,M
Barkın,U
Barlas,M
Barlık,M
Bars,M
Barsbay,M
Barsbey,M
Bartu,M
Barça,M
Barçak,M
Barçın,U
Barım,M
Barın,M
Barış,U
Barışcan,M
Basa,M
Basak,M
Basir,M
Basiret,F
Baskak,M
Baskan,M
Baskın,M
Basri,M
Basriye,F
Basut,M
Basım,M
Basıra,F
Battal,M
Batu,M
Batucem,M
Batuhan,M
Batur,M
Baturalp,M
Baturay,M
Baturhan,M
Batı,U
Batıbay,M
Batıbey,M
Batıcan,M
Batıhan,M
Batır,M
Batıray,M
Batırhan,M
Bayar,M
Baybars,M
Baybaş,M
Baybek,M
Baybora,M
Baybörü,M
Baycan,M
Baydoğan,M
Baydu,M
Baydur,M
Bayduralp,M
Bayer,M
Bayezit,M
Baygüç,M
Bayhan,M
Bayhun,M
Baykal,M
Baykam,M
Baykan,M
Baykara,M
Baykoca,M
Baykor,M
Baykul,M
Baykurt,M
Baykut,M
Baykutay,M
Baykır,M
Baylan,U
Bayman,M
Bayol,M
Bayrak,M
Bayraktar,M
Bayram,M
Bayru,M
Bayrualp,M
Bayrubay,M
Bayruhan,M
Bayruk,M
Bayrı,M
Baysal,U
Baysan,M
Baysoy,M
Baysu,M
Baysungur,M
Baytal,M
Baytaş,M
Baytekin,M
Baytimur,M
Baytok,M
Baytugay,M
Baytüze,M
Baytüzün,M
Bayuk,M
Bayyiğit,M
Bayça,M
Bayülken,M
Bayık,M
Bayın,M
Bayındır,M
Bayır,M
Bayırhan,M
Bağatur,M
Bağdagül,F
Bağdaç,M
Bağdaş,M
Bağlan,F
Bağır,M
Bağış,M
Bağışhan,M
Başak,F
Başal,M
Başar,U
Başargan,M
Başarman,M
Başat,M
Başay,U
Başaydın,M
Başağa,M
Başbay,M
Başbuğ,M
Başdemir,M
Başdoğan,M
Başel,M
Başer,M
Başeğmez,M
Başhan,M
Başkal,M
Başkan,M
Başkara,M
Başkaya,M
Başkaynak,M
Başkur,M
Başkurt,M
Başkut,M
Başman,M
Başok,M
Başol,M
Başsoy,M
Baştaş,M
Baştemir,M
Baştugay,M
Baştuğ,M
Baştürk,M
Başçık,F
Başöz,M
Bedel,M
Beder,F
Bedi,M
Bedia,F
Bedih,M
Bedihe,F
Bedir,M
Bedirhan,M
Bedirnisa,F
Bedis,F
Bediz,U
Bedreka,F
Bedrettin,M
Bedri,M
Bedriye,F
Bedük,M
Begim,F
Begüm,F
Behice,F
Behin,F
Behire,F
Behiye,F
Behiç,M
Behlül,M
Behmen,M
Behnan,M
Behnane,F
Behram,M
Behzat,M
Behçet,M
Bek,M
Bekata,M
Bekbars,M
Bekbay,M
Bekdemir,M
Bekdil,M
Bekem,M
Beken,F
Beker,M
Bekir,M
Beksan,M
Bektaş,M
Bektöre,M
Bektürk,M
Bekâm,M
Beleda,M
Belek,M
Belen,M
Belge,M
Belgi,F
Belgin,F
Belik,F
Belin,F
Beliz,F
Beliğ,M
Belkıs,F
Bellek,M
Bellisan,M
Belma,F
Belmen,F
Benal,M
Benam,M
Benan,U
Benay,F
Benazir,M
Bender,M
Bendeş,M
Benek,F
Bener,M
Benevşe,F
Bengi,U
Bengialp,M
Bengibay,M
Bengigül,F
Bengisan,U
Bengisoy,M
Bengisu,U
Bengitaş,M
Bengü,U
Bengühan,F
Bengül,F
Benian,F
Benice,F
Benli,F
Benligül,F
Bennur,F
Benol,M
Bensu,F
Bent,M
Bentürk,M
Benzer,M
Benşen,U
Berat,U
Berceste,F
Bercis,F
Bereket,U
Beren,U
Berfin,U
Berfu,F
Berge,M
Bergin,M
Bergüzar,F
Beri,M
Beria,F
Berin,U
Beriye,F
Berk,M
Berkal,M
Berkan,M
Berkant,M
Berkay,M
Berke,U
Berkel,M
Berker,M
Berki,M
Berkin,M
Berkiye,F
Berkkan,M
Berkman,M
Berkmen,M
Berkok,M
Berkol,M
Berksal,M
Berksan,M
Berksay,M
Berksoy,M
Berksu,M
Berksun,M
Berktan,M
Berktin,M
Berköz,M
Berkün,M
Bermude,F
Berna,U
Berrak,F
Berran,U
Berrin,F
Bertan,M
Berter,M
Berşe,F
Besalet,U
Besamet,F
Besat,M
Besen,U
Besim,M
Besime,F
Beste,F
Bestegül,F
Betigül,F
Betik,U
Betil,F
Betim,M
Betül,F
Betülay,F
Beyaz,F
Beyazıt,M
Beybars,M
Beybolat,M
Beycan,M
Beyda,M
Beydağ,M
Beydaş,M
Beygu,M
Beyhan,U
Beyhatun,F
Beykal,M
Beykan,M
Beykara,M
Beylan,F
Beylem,F
Beyrek,M
Beysan,M
Beysun,F
Beytekin,M
Beytemir,M
Beytullah,M
Beytöre,M
Beyza,F
Beyzade,M
Beyzat,M
Bezek,F
Bezen,F
Bezmiâlem,F
Beğenç,M
Beşaret,U
Beşarettin,M
Beşer,M
Beşgül,F
Beşir,M
Beşire,F
Bican,M
Bidar,F
Bidayet,F
Bige,F
Bigüm,F
Bihan,F
Bihin,F
Bihine,F
Bihter,F
Bihterin,F
Bike,F
Bilan,M
Bilay,U
Bilbay,M
Bilbaşar,M
Bileda,M
Bilek,M
Bilen,U
Bilender,M
Bilge,U
Bilgealp,M
Bilgebay,M
Bilgecan,F
Bilgeer,M
Bilgehan,U
Bilgekan,M
Bilgekağan,M
Bilgekurt,M
Bilgekut,M
Bilgen,U
Bilgenur,F
Bilger,M
Bilgetay,M
Bilgetürk,M
Bilgi,U
Bilgihan,M
Bilgin,M
Bilginer,M
Bilginur,F
Bilgiser,F
Bilgivar,F
Bilgiç,M
Bilgü,M
Bilgün,F
Bilgütay,M
Bilhan,U
Bilik,M
Bilir,U
Biliş,F
Bilkan,M
Billûr,F
Bilmen,M
Bilnur,M
Bilsay,M
Bilsen,U
Bilsev,F
Bilsin,F
Biltay,M
Biltaş,M
Bilyap,M
Bilâl,M
Binal,M
Binali,M
Binalp,M
Binan,M
Binat,M
Binay,U
Binbay,M
Binbaşar,M
Bindal,M
Biner,M
Bingöl,M
Bingül,F
Bingün,F
Binhan,F
Biniz,F
Binkan,M
Binnaz,F
Binnur,U
Bintuğ,M
Binyaşar,M
Binzet,F
Binışık,M
Biran,M
Birant,M
Biray,U
Birben,F
Birbenek,F
Bircan,U
Birce,U
Birdal,U
Birge,U
Birgen,F
Birgi,M
Birgit,M
Birgül,F
Birgün,F
Birhan,U
Biricik,F
Birim,F
Biriz,U
Birkan,M
Birke,F
Birkök,M
Birmen,M
Birnaz,F
Birnur,F
Birol,M
Birsan,U
Birsel,U
Birsen,U
Birsin,M
Birsoy,M
Birtan,M
Birtane,F
Birtek,F
Birten,M
Birçek,F
Birşen,M
Bitek,M
Bitengül,F
Bitim,M
Bolat,M
Bolcan,M
Bolgan,M
Bolhan,M
Bolkan,M
Boncuk,F
Bor,M
Bora,M
Borahan,M
Borak,M
Borakan,M
Borakhan,M
Boran,M
Boranalp,M
Boranbay,M
Boransü,M
Boratav,M
Boratay,M
Borataş,M
Boray,M
Borkan,M
Boy,M
Boyar,M
Boydak,M
Boydaş,M
Boyer,M
Boylan,M
Boylu,M
Boynak,M
Boyraz,M
Boysal,M
Boysan,M
Boz,M
Bozan,M
Bozat,M
Bozay,M
Bozbala,M
Bozbay,M
Bozbağ,M
Bozbaş,M
Bozbey,M
Bozbora,M
Bozca,M
Bozdağ,M
Bozdemir,M
Bozdeniz,M
Bozdoğan,M
Bozer,M
Bozerk,M
Bozhan,M
Bozkan,M
Bozkara,M
Bozkaya,M
Bozkurt,M
Bozkır,M
Bozlak,M
Bozok,M
Bozokay,M
Boztaş,M
Boztepe,M
Boztimur,M
Bozyel,M
Bozyiğit,M
Bozçin,F
Boğa,M
Boğahan,M
Boğatay,M
Boğataş,M
Boğatekin,M
Boğatimur,M
Boğatır,M
Boğaç,M
Boğaçhan,M
Bucak,M
Budak,M
Budun,M
Budunal,M
Budunalp,M
Bugül,F
Bukay,M
Buket,F
Bulak,M
Bulgan,M
Bulgu,M
Bulgubay,M
Bulgucan,M
Bulgunoyan,M
Bulunç,M
Bulut,M
Bulutay,M
Buluttekin,M
Buluç,M
Buluş,U
Bumin,M
Buminhan,M
Burak,M
Burcu,F
Burhan,M
Burhanettin,M
Burkay,M
Buruk,M
Burukbay,M
Buruktekin,M
Burç,M
Burçak,U
Burçhan,M
Burçin,U
Buse,F
Buyan,M
Buyruk,M
Buyrukalp,M
Buyrukata,M
Buyrukbay,M
Buyrukhan,M
Buyrukçu,M
Buğday,F
Buğra,M
Buğrahan,M
Bâhir,M
Bâhire,F
Böget,M
Böke,M
Böken,M
Bölükbaşı,M
Börk,M
Börteçin,M
Börçek,M
Börü,M
Börübars,M
Börübay,M
Börübey,M
Börühan,M
Börükan,M
Böğrek,M
Böğürtlen,F
Büge,U
Büget,M
Bük,M
Bükay,M
Büke,U
Büklüm,U
Bülbül,F
Büldan,F
Bülent,M
Bünyamin,M
Büran,M
Bürge,U
Bürgü,F
Bürkan,U
Bürküt,M
Bürran,F
Bürçe,M
Bürçin,F
Bürümcek,F
Büte,F
Bütün,U
Büğdüz,M
Büşra,F
Cabbar,M
Cabir,M
Cafer,M
Cahide,F
Cahit,M
Caize,F
Calibe,F
Calp,M
Can,U
Cana,F
Canal,U
Canalp,M
Canaltay,M
Canan,U
Canane,F
Canat,M
Canay,U
Canaydın,M
Canaş,F
Canbay,M
Canbek,M
Canberk,M
Canbey,M
Canbolat,M
Canbulat,M
Canda,M
Candan,U
Candaner,M
Candar,M
Candaş,U
Candemir,M
Candeğer,U
Candoğan,M
Canel,U
Caner,M
Canfeda,F
Canfer,M
Canfes,F
Canfeza,F
Canfidan,F
Canfide,F
Cangiray,M
Cangül,F
Cangün,U
Cangür,M
Canhanım,F
Canik,F
Canip,M
Canipek,F
Cankan,M
Cankat,U
Cankaya,M
Cankorur,M
Cankoç,M
Cankurt,M
Cankut,M
Cankılıç,M
Cankız,F
Cannur,U
Canol,M
Canperver,F
Canpolat,M
Canrüba,F
Cansal,M
Cansay,M
Cansel,U
Cansen,U
Canser,U
Canses,F
Cansev,F
Canseven,U
Cansever,U
Cansoy,U
Cansu,U
Cansun,U
Cansunar,U
Cansunay,M
Cansuner,M
Cansın,U
Cantaş,M
Cantekin,M
Canten,F
Cantez,M
Cantürk,M
Canyurt,M
Canören,M
Canöz,U
Canözen,F
Canözlem,F
Canıpek,F
Caran,M
Carim,M
Carullah,M
Cavidan,F
Cavit,M
Cavlı,M
Cavuldur,M
Caymaz,M
Cazibe,F
Cazim,M
Cazip,M
Cebbar,M
Cebe,M
Cebealp,M
Ceben,M
Cebesoy,M
Cebrail,M
Cedide,F
Cefa,M
Celil,M
Celilay,M
Celile,F
Celâdet,M
Celâl,M
Celâlettin,M
Celâli,M
Celâsun,M
Celâyir,M
Cem,M
Cemal,M
Cemaleddin,M
Cemalettin,M
Cemalullah,M
Cemi,M
Cemil,M
Cemile,F
Ceminur,F
Cemre,U
Cemşah,M
Cemşir,M
Cemşit,M
Cenan,M
Cenani,M
Cenap,M
Cenger,M
Cengiz,M
Cengizhan,M
Cengâver,M
Cenk,M
Cenker,M
Cennet,F
Ceren,F
Cerit,M
Cerullah,M
Cesim,M
Cesur,M
Cevahir,U
Cevat,M
Cevdet,M
Cevher,U
Cevheri,M
Cevri,M
Cevriye,F
Cevval,U
Cevza,F
Ceyda,F
Ceydahan,F
Ceyhan,U
Ceyhun,U
Ceylân,F
Cezayir,M
Cezlân,M
Cezmi,M
Cihan,U
Cihanbanu,F
Cihandar,M
Cihandide,M
Cihanefruz,M
Cihaner,M
Cihanfer,F
Cihangir,M
Cihangül,F
Cihani,M
Cihanmert,M
Cihannur,U
Cihanşah,M
Cihat,M
Cilvekâr,F
Cilvenaz,F
Cilvesaz,F
Cimşit,M
Cindoruk,M
Civan,M
Civanbaht,M
Civanmert,M
Civanşir,M
Coşan,M
Coşar,M
Coşku,M
Coşkun,M
Coşkunay,M
Coşkuner,M
Coşkunsu,M
Cuci,M
Cudi,M
Cudiye,F
Culduz,M
Cuma,M
Cumali,M
Cumhur,M
Cumhuriyet,M
Cura,M
Cömert,M
Cündi,M
Cündullah,M
Cüneyt,M
Dadak,M
Dadaş,M
Dai,M
Daim,M
Daime,F
Dal,U
Dalan,M
Dalay,M
Dalayer,M
Dalbaş,M
Dalboğa,M
Dalda,M
Daldal,M
Daldiken,M
Dalgıç,M
Dalkoç,M
Dalkılıç,M
Dalokay,M
Daltekin,M
Dalyan,M
Dalım,M
Damar,M
Damla,F
Daniş,M
Danişment,M
Danyal,M
Danış,U
Danışman,M
Dara,M
Darcan,M
Darga,M
Daver,M
Davran,M
Davut,M
Daya,F
Dayahatun,F
Dayanç,M
Dayar,M
Daye,F
Daylak,M
Dayı,M
Dağ,M
Dağa,M
Dağaşan,M
Dağdelen,M
Dağhan,M
Dağtekin,M
Dede,M
Define,F
Defne,F
Deha,U
Dehan,F
Dehri,M
Delice,M
Delikan,M
Delikanlı,M
Delâl,M
Demet,F
Demhoş,F
Demir,M
Demiralp,M
Demiray,M
Demirağ,M
Demirbağ,M
Demirbaş,M
Demirboğa,M
Demirbüken,M
Demircan,M
Demirdelen,M
Demirdöven,M
Demirel,M
Demirer,M
Demirezen,M
Demirgülle,M
Demirgüç,M
Demirhan,M
Demiriz,M
Demirkan,M
Demirkaya,M
Demirkol,M
Demirkoç,M
Demirkurt,M
Demirkut,M
Demirkök,M
Demirkıran,M
Demirman,M
Demirok,M
Demirol,M
Demirpençe,M
Demirsoy,M
Demirtav,M
Demirtay,M
Demirtaş,M
Demirtekin,M
Demirtuğ,M
Demirtürk,M
Demiryürek,M
Demirçay,M
Demiröz,M
Demirşah,M
Demokan,M
Demren,M
Dengiz,M
Dengizer,M
Deniz,U
Denizalp,M
Denizcan,M
Denizel,M
Denizer,M
Denizhan,U
Denizman,M
Denizmen,M
Deniztekin,M
Denk,M
Denkel,M
Denker,M
Denktaş,M
Denli,M
Denlisoy,M
Deren,U
Derenel,M
Derin,U
Derinkök,M
Derinöz,M
Derlen,M
Derman,U
Derviş,M
Dervişani,M
Dervişhan,M
Derya,U
Deryadil,M
Deryanur,F
Deste,F
Destegül,F
Devin,U
Deviner,M
Devlet,U
Devlettin,M
Devran,U
Devrim,U
Devrimer,M
Değer,U
Değmeer,M
Diba,F
Dicle,F
Diclehan,F
Didar,F
Didem,F
Didim,M
Dik,M
Dikalp,M
Dikay,M
Dikbay,M
Dikbaş,M
Dikboğa,M
Dikdal,M
Dikel,M
Diken,M
Diker,M
Dikey,M
Dikeç,M
Dikmen,U
Diksoy,M
Diktaş,M
Dikçam,M
Dil,M
Dila,F
Dilay,F
Dilbaz,F
Dilbent,F
Dilber,F
Dilbeste,F
Dilbu,F
Dildade,F
Dildar,F
Dilderen,F
Dilefruz,F
Dilege,F
Dilek,F
Dilem,F
Dilemre,M
Diler,U
Dilercan,M
Dilferah,F
Dilfeza,F
Dilfigâr,F
Dilfiruz,F
Dilge,U
Dilhan,F
Dilhayat,F
Dilhun,F
Dilhuş,F
Dilman,F
Dilmaç,M
Dilmen,U
Dilnişin,F
Dilnur,F
Dilrüba,F
Dilsafa,F
Dilsaz,F
Dilsitan,F
Dilsuz,F
Dilyâr,M
Dilâ,F
Dilân,F
Dilâra,F
Dilâver,M
Dilâşup,F
Dilşah,F
Dilşat,F
Dilşen,F
Dilşikâr,F
Dindar,M
Dinç,M
Dinçalp,M
Dinçay,U
Dinçel,U
Dinçer,M
Dinçerk,M
Dinçkal,M
Dinçkaya,M
Dinçkol,M
Dinçkök,M
Dinçmen,M
Dinçok,M
Dinçol,M
Dinçsan,M
Dinçsav,M
Dinçsay,M
Dinçsel,M
Dinçsoy,M
Dinçsü,M
Dinçtaş,M
Dinçtürk,M
Dinççağ,M
Dinçöz,M
Dirahşan,F
Dirayet,F
Diren,M
Direnç,M
Diri,M
Diribaş,M
Dirican,M
Dirik,M
Diriker,M
Dirikök,M
Diril,M
Dirim,M
Dirimtekin,M
Dirin,M
Diriner,M
Dirisoy,M
Dirlik,U
Dirsehan,M
Dizdar,M
Dolan,M
Dolaner,M
Dolay,M
Dolun,U
Dolunay,U
Domaniç,M
Domurcuk,F
Donat,M
Dora,M
Dorak,M
Doru,M
Doruk,M
Dorukhan,M
Dorukkan,M
Dorukkurt,M
Dorukkut,M
Doruktekin,M
Doruktepe,M
Dost,M
Doğa,U
Doğan,M
Doğanalp,M
Doğanay,U
Doğanbaş,M
Doğanbey,M
Doğanbike,F
Doğaner,M
Doğangün,M
Doğanhan,M
Doğannur,F
Doğantan,M
Doğantimur,M
Doğanşah,M
Doğay,F
Doğru,M
Doğruel,M
Doğruer,M
Doğruol,M
Doğruöz,M
Doğu,U
Doğudan,M
Doğuer,M
Doğuhan,M
Doğukan,M
Doğuş,M
Dudu,F
Dudubikem,F
Duduhan,F
Duhan ,F
Duhter,F
Duman,M
Dumanbey,M
Dumlu,M
Dumrul,M
Dura,M
Duracan,M
Durak,M
Dural,M
Duran,M
Duranay,M
Duraner,M
Duransoy,M
Durantekin,M
Duray,M
Durcan,F
Durdu,U
Durgun,M
Durguner,M
Durgunsu,M
Durhan,M
Durkadın,F
Durkaya,M
Durkız,F
Durmuş,M
Dursun,M
Dursune,F
Duru,U
Durualp,M
Durubay,M
Durucan,M
Durugül,F
Duruhan,M
Duruiz,M
Duruk,M
Durukadın,F
Durukal,M
Durukan,M
Durul,M
Durusan,M
Durusel,M
Durusoy,M
Durusu,M
Durutekin,M
Durutürk,M
Duruöz,M
Durşen,M
Duygu,U
Duygun,F
Duysal,F
Duyu,M
Duşize,F
Dâhi,M
Dânâ,M
Dölaslan,M
Dölek,M
Dölen,U
Dölensoy,M
Döndü,F
Döne,F
Dönmez,M
Dönmezcan,M
Dönmezer,M
Dönmezsoy,M
Dönmeztekin,M
Dönü,M
Dönüş,F
Dülge,M
Dülger,M
Dündar,M
Dündaralp,M
Dürdane,F
Dürefşan,F
Düri,F
Düriye,F
Dürnev,F
Dürri,M
Dürrüşehvar,F
Düzel,M
Düzey,M
Düzgün,M
Düşvar,M
Düşün,M
Düşünsel,M
Ebecen,M
Ebed,M
Ebet,M
Ebrak,M
Ebru,F
Ebubekir,M
Ece,U
Ecebay,M
Ecebey,M
Ecegül,F
Ecehan,U
Ecekan,M
Ecemiş,M
Ecenur,F
Ecer,U
Ecevit,M
Ecir,M
Ecmel,U
Ecvet,M
Eda,F
Edadil,F
Edagül,F
Ede,M
Edgü,M
Edgüalp,M
Edgübay,M
Edgüer,M
Edgükan,M
Edhem,M
Edibe,F
Edip,M
Edis,F
Ediz,U
Efdal,U
Efe,M
Efekan,M
Efendi,M
Efgan,M
Efgen,M
Efgende,M
Efkâr,M
Eflâtun,U
Efnan,M
Efrasiyap,M
Efruz,M
Efser,U
Efsun,F
Efza,F
Ege,U
Egemen,U
Egenur,F
Egesel,M
Ehed,M
Ehil,F
Ehlimen,M
Ejder,M
Ejderhan,M
Ekber,M
Eke,M
Ekemen,M
Eken,M
Ekenel,M
Ekener,M
Ekim,U
Ekin,U
Ekinci,M
Ekiner,M
Ekmel,M
Ekrem,M
Elaldı,F
Elbek,M
Elbeyi,M
Elbirle,F
Elbirlik,F
Eldem,U
Eldemir,M
Elfaz,M
Elgin,U
Elhan,M
Eliaçık,M
Elibol,M
Elidemir,M
Elif,F
Elife,F
Elik,F
Elitaş,M
Elitez,M
Eliuz,M
Eliüstün,M
Elmas,F
Elvan,U
Elveda,F
Elver,M
Elverdi,M
Elveren,M
Elâ,F
Elânur,F
Elçi,M
Elçibey,M
Elçim,F
Elçin,U
Elöve,M
Elöver,M
Emanet,U
Emanullah,M
Embiya,M
Emcet,M
Emek,U
Emel,F
Emet,M
Emetullah,F
Emeç,M
Emin,M
Emine,F
Eminel,M
Emir,M
Emirhan,M
Emirşah,M
Emoş,F
Emrah,M
Emran,M
Emre,M
Emri,M
Emriye,F
Emrullah,M
Emsal,U
Enbiya,M
Ender,U
Ener,M
Eneren,M
Energin,M
Enes,M
Eneç,M
Enfal,M
Enfes,F
Engin,U
Enginalp,M
Enginay,U
Enginel,M
Enginer,M
Enginiz,U
Enginsoy,M
Enginsu,U
Engintalay,M
Engiz,M
Engür,M
Enhar,M
Enis,M
Enise,F
Enmutlu,M
Ensar,M
Ensari,M
Enver,M
Enç,M
Er,M
Eracar,M
Erakalın,M
Eraksan,M
Erakıncı,M
Eral,M
Eralkan,M
Eralp,M
Eraltay,M
Erandaç,M
Eranıl,M
Eraslan,M
Eratlı,M
Eray,U
Eraydın,M
Erbatur,M
Erbay,U
Erbaş,M
Erbaşat,M
Erbelgin,M
Erben,M
Erberk,M
Erbey,M
Erbil,U
Erbilek,M
Erbilen,M
Erbilir,M
Erboy,M
Erboğa,M
Ercan,M
Erce,M
Ercihan,M
Ercivan,M
Erciyes,M
Ercüment,M
Erdal,M
Erdağ,M
Erdem,M
Erdemalp,M
Erdemay,F
Erdemer,M
Erdemir,M
Erdemli,M
Erden,U
Erdenalp,M
Erdenay,U
Erdener,M
Erdeniz,M
Erdeşir,M
Erdi,U
Erdibay,M
Erdibek,M
Erdibey,M
Erdibike,F
Erdibikem,F
Erdil,M
Erdilek,M
Erdin,M
Erdiner,M
Erdinç,M
Erdoğ,M
Erdoğan,M
Erdoğdu,M
Erdoğmuş,M
Erdur,M
Erduran,M
Erdurdu,M
Erdurmuş,M
Erdursun,M
Erduru,M
Erdöl,M
Erdölek,M
Erdönmez,M
Erek,M
Ereken,M
Erel,U
Erem,U
Eren,U
Erenalp,M
Erenay,U
Erencan,M
Erendemir,M
Erendiz,U
Erenel,M
Erengül,F
Erengün,F
Erengüç,M
Erenkara,M
Erenler,M
Erensoy,M
Erensü,M
Erentürk,M
Erenuluğ,M
Erenöz,M
Erer,M
Ergalip,M
Ergazi,M
Erge,F
Ergem,F
Ergen,M
Ergenekon,M
Ergener,M
Ergenç,M
Ergi,M
Ergil,M
Ergin,M
Erginal,M
Erginalp,M
Erginay,M
Erginbay,M
Ergincan,M
Erginel,M
Erginer,M
Erginsoy,M
Ergintuğ,M
Ergun,M
Ergunalp,M
Erguner,M
Erguvan,F
Ergök,M
Ergökmen,M
Ergönen,M
Ergönül,M
Ergör,M
Ergüden,M
Ergüder,M
Ergül,U
Ergülen,U
Ergüler,U
Ergüleç,M
Ergümen,M
Ergün,U
Ergünay,M
Ergüner,M
Ergüney,M
Ergüneş,M
Ergüven,M
Ergüvenç,M
Ergüç,M
Erhan,M
Erhun,M
Eribe,F
Erik,M
Eriker,M
Erim,U
Erimel,M
Erimer,M
Erimşah,M
Erin,U
Erincek,M
Erincik,M
Erinç,U
Erinçer,M
Erip,M
Eripek,M
Eriz,M
Eriş,U
Erişen,F
Erişkin,M
Erk,M
Erkal,M
Erkan,M
Erkarslan,M
Erkaya,M
Erkaş,M
Erke,U
Erkel,M
Erker,M
Erkin,U
Erkinel,M
Erkiner,M
Erkman,M
Erkmen,M
Erkmenol,M
Erkol,M
Erkoç,M
Erkoçak,M
Erksal,M
Erksan,M
Erksoy,M
Erksun,M
Erktin,M
Erkul,M
Erkunt,M
Erkurt,M
Erkut,M
Erkutay,M
Erkutlu,M
Erkuş,M
Erkılıç,M
Erkın,M
Erkınay,M
Erkınel,M
Erkıral,M
Erkış,M
Erlik,M
Erman,M
Ermiye,F
Ermiş,M
Ermutlu,M
Erna,F
Ernoyan,M
Ernur,M
Erokay,M
Erol,M
Eronat,M
Erozan,M
Eroğan,M
Eroğlu,M
Eroğul,M
Eroğuz,M
Ersagun,M
Ersal,M
Ersalmış,M
Ersan,M
Ersav,M
Ersavaş,M
Ersay,M
Ersayın,M
Ersel,M
Ersen,M
Erserim,M
Ersev,M
Erseven,M
Ersever,M
Ersevin,M
Ersevinç,M
Ersezen,M
Ersezer,M
Erseç,M
Ersin,M
Erson,M
Ersoy,M
Ersu,M
Ersun,M
Ersunal,M
Ersöz,M
Ersü,M
Ertan,M
Ertay,M
Ertaylan,M
Ertaç,M
Ertaş,M
Erte,M
Ertek,M
Erteke,M
Ertekin,M
Ertem,M
Erten,U
Ertepınar,M
Ertim,M
Ertin,M
Ertingü,M
Ertok,M
Ertop,M
Ertugay,M
Ertuna,M
Ertunca,M
Ertuncay,M
Ertunga,M
Ertunç,M
Erturan,M
Ertut,M
Ertuğ,M
Ertuğrul,M
Ertöre,M
Ertün,M
Ertüre,M
Ertürk,M
Ertüze,M
Ertüzün,M
Ervin,F
Eryalçın,M
Eryaman,M
Eryavuz,M
Eryetiş,M
Eryiğit,M
Eryıldız,M
Eryılmaz,M
Erzade,M
Erzan,U
Erzi,M
Erçelik,M
Erçetin,M
Erçevik,M
Erçil,F
Eröge,M
Eröz,M
Erülgen,M
Erün,M
Erünal,M
Erüstün,M
Erışık,M
Erşahan,M
Erşan,M
Erşat,M
Erşen,M
Erşet,M
Esat,M
Ese,M
Esedullah,M
Esen,U
Esenbay,M
Esenboğa,M
Esendal,U
Esendağ,M
Esendemir,M
Esenel,M
Esener,M
Esengül,F
Esengün,F
Esenkal,M
Esenkul,M
Esentimur,M
Esentürk,M
Eser,U
Esergül,F
Esertaş,M
Esim,U
Esin,U
Esiner,M
Eskin,M
Eskinalp,M
Eslek,M
Esma,F
Esmahan,F
Esmer,F
Esmeray,F
Esna,F
Esra,F
Esvet,M
Ethem,M
Eti,M
Etik,F
Etike,F
Evcan,U
Evcil,U
Evcimen,U
Evdegül,F
Evecen,F
Evgin,M
Evhat,M
Evin,F
Evirgen,M
Evliya,M
Evnur,F
Evran,M
Evren,U
Evrenata,M
Evrensel,M
Evrim,U
Evrimer,M
Evsen,M
Evşen,M
Eylem,M
Eylül,U
Eymen,M
Eyyam,M
Eyüp,M
Ezel,U
Ezelhan,M
Ezelî,F
Ezgi,F
Ezgin,F
Ezgü,M
Ezgüer,M
Ezgütekin,M
Eğilmez,M
Eğrek,M
Eşay,F
Eşe,F
Eşfak,M
Eşim,F
Eşin,F
Eşit,M
Eşkin,M
Eşmen,U
Eşraf,M
Eşref,M
Fadik,F
Fadile,F
Fadim,F
Fadime,F
Fadıl,M
Fadıla,F
Fahim,M
Fahime,F
Fahir,M
Fahire,F
Fahrettin,M
Fahri,M
Fahriye,F
Fahrünnisa,F
Faik,M
Faika,F
Faiz,M
Faize,F
Fakih,M
Fakihe,F
Fakir,M
Fakirullah,M
Falih,M
Fani,M
Farabi,M
Fariha,F
Farik,M
Faris,M
Farise,F
Faruk,M
Fasih,M
Fasihe,F
Fatih,M
Fatin,M
Fatine,F
Fatma,F
Fatmagül,F
Fatmanur,F
Fato,F
Fatoş,F
Faysal,M
Fazilet,F
Fazlullah,M
Fazlı,M
Fazıl,M
Fazıla,F
Fecir,F
Fecri,M
Fecriye,F
Feda,U
Fedai,M
Fedakâr,U
Fehamet,U
Fehamettin,M
Fehim,M
Fehimdar,M
Fehime,F
Fehmi,M
Fehmiye,F
Fekahet,F
Felek,U
Felât,M
Fenni,M
Fenniye,F
Fer,M
Feragat,M
Ferah,U
Ferahet,F
Ferahfeza,F
Ferahi,M
Ferahnisa,F
Ferahnur,F
Ferahnüma,F
Ferahru,F
Feramuz,M
Feramuş,M
Feraset,F
Feray,U
Feraye,F
Fercan,M
Ferda,U
Ferdal,M
Ferdane,F
Ferdaniye,F
Ferdar,M
Ferdi,M
Ferdiye,F
Fereç,M
Fergün,F
Ferhan,U
Ferhat,M
Ferhattin,M
Ferhun,M
Ferhunde,F
Feri,F
Feribe,F
Ferican,F
Feride,F
Feridun,M
Ferih,M
Feriha,F
Feriser,F
Ferit,M
Feritkan,M
Feriz,M
Ferişte,F
Ferkan,M
Ferman,M
Fermani,M
Fermude,F
Fernur,F
Ferruh,M
Fersan,M
Fersoy,M
Feruzat,M
Feruze,F
Ferve,F
Ferzan,M
Ferzane,F
Ferzend,M
Fesih,M
Fetanet,F
Fethi,M
Fethiye,F
Fethullah,M
Fetih,M
Fettah,M
Fevzi,M
Fevziye,F
Fevzullah,M
Feyha,U
Feyiz,M
Feyman,U
Feyyaz,M
Feyza,F
Feyzan,U
Feyzettin,M
Feyzi,M
Feyziye,F
Feyzullah,M
Feza,U
Fezahan,M
Fezai,M
Fezanur,F
Fidan,F
Fidangül,F
Fide,F
Figan,F
Figen,F
Fikir,F
Fikret,U
Fikrettin,M
Fikri,M
Fikriye,F
Filbahar,F
Filiz,F
Filizer,M
Firaz,F
Firdevs,F
Firdevsi,M
Firkat,F
Firuz,M
Firuzan,F
Firuze,F
Fitnat,F
Fuat,M
Ful,F
Fulya,F
Funda,F
Furkan,M
Fuzuli,M
Fâkihe,F
Fügen,F
Füruzan,F
Füruzende,F
Füsun,F
Füsunkâr,F
Fütüvvet,M
Fırat,M
Fıtnat,F
Gaffar,M
Gafir,M
Gafur,M
Galibe,F
Galip,M
Gamze,F
Gani,M
Ganime,F
Ganimet,F
Ganiye,F
Garibe,F
Garip,M
Gavsi,M
Gaye,F
Gayret,M
Gayur,M
Gazal,U
Gazale,F
Gazanfer,M
Gazel,U
Gazi,M
Gedik,M
Gedikbay,M
Gedikbaş,M
Gediktaş,M
Gediz,U
Gelenay,F
Gelener,M
Gelengül,F
Gelin,F
Gelincik,F
Gelinkız,F
Gencal,M
Gencalp,M
Gencaslan,M
Gencay,U
Gence,M
Gencel,M
Gencer,M
Genco,M
Genez,M
Genç,M
Gençalp,M
Gençaslan,M
Gençay,U
Gençağa,M
Gençel,M
Gençer,M
Gençkal,M
Gençsav,M
Gençsoy,M
Gençsu,M
Gençtan,M
Gençtürk,M
Geray,M
German,M
Gerçek,M
Gerçeker,M
Gevher,F
Gevheri,M
Gezenay,M
Gezer,F
Gezgin,M
Gezginer,M
Giray,M
Girayalp,M
Girayer,M
Girayhan,M
Girgin,M
Girginalp,M
Girginer,M
Girginkoç,M
Girizan,F
Giz,M
Gizay,M
Gizem,F
Gizer,M
Gizmen,M
Gonca,F
Goncafem,F
Goncafer,F
Goncagül,F
Goncater,F
Gonce,F
Gurbet,F
Göcek,M
Gök,F
Gökalp,M
Gökay,U
Gökbaran,M
Gökbay,M
Gökbayrak,M
Gökbel,M
Gökbelen,M
Gökben,F
Gökberk,M
Gökbey,M
Gökbora,M
Gökbudak,M
Gökbudun,M
Gökbulut,M
Gökbörü,M
Gökcan,M
Gökcen,U
Gökdal,M
Gökdemir,M
Gökdeniz,M
Gökdoğan,M
Gökduman,F
Gökel,M
Göken,M
Göker,M
Gökgöl,M
Gökhan,M
Gökhun,M
Gökmen,M
Gökmenalp,M
Gökmener,M
Gökmete,M
Göknel,M
Göknil,F
Göknur,U
Gökperi,F
Göksal,U
Göksaltuk,M
Göksan,M
Göksav,M
Göksay,M
Göksel,U
Gökselen,F
Göksen,U
Göksenin,M
Gökser,M
Göksev,U
Gökseven,M
Göksever,M
Göksoy,M
Göksu,U
Göksun,U
Göktalay,M
Göktan,M
Göktay,M
Göktaş,M
Gökten,M
Göktulga,M
Göktuna,M
Göktunç,M
Göktuğ,M
Göktöre,M
Göktürk,M
Gökyay,M
Gökçe,U
Gökçebala,M
Gökçebalan,M
Gökçebel,M
Gökçebey,M
Gökçeer,M
Gökçek,U
Gökçel,U
Gökçem,F
Gökçen,U
Gökçer,M
Gökçesu,M
Gökçil,M
Gökçin,U
Gökçül,M
Gökçün,M
Gökşan,F
Gökşen,U
Gökşin,U
Gölge,F
Göndem,M
Gönder,M
Gönen,M
Gönener,M
Gönenç,U
Gönç,M
Gönül,F
Gönülay,F
Gönülden,F
Gönüldeş,M
Göral,M
Görbil,M
Görez,F
Görgü,M
Görgün,M
Görgünay,M
Görgüncan,M
Görgüç,M
Görk,M
Görkel,M
Görkem,U
Görkemli,U
Görker,M
Görkey,M
Görklü,U
Görkmen,M
Görksev,M
Görsev,F
Gövem,F
Gövez,M
Göymen,M
Göyük,M
Göyünç,M
Gözal,F
Gözalan,F
Gözay,M
Gözaydın,M
Gözde,F
Göze,F
Gözegir,M
Gözem,U
Gözenç,F
Gözlem,F
Gözütok,M
Göçen,M
Göçer,M
Göçmen,M
Göğem,U
Göğen,M
Göğünç,F
Göğüş,M
Gücal,M
Gücalp,M
Gücel,M
Gücer,M
Gücümen,M
Güdek,M
Güder,M
Güfte,F
Güher,F
Gül,F
Gülal,F
Gülara,F
Gülaslı,F
Gülasya,F
Gülay,F
Gülaydın,F
Gülayım,F
Gülayşe,F
Gülaç,F
Gülaçtı,F
Gülbadem,F
Gülbahar,F
Gülbanu,F
Gülbay,M
Gülbağ,F
Gülbeden,F
Gülbek,M
Gülben,F
Gülbende,F
Gülbeniz,F
Gülberk,F
Gülbey,M
Gülbeyaz,F
Gülbeyi,M
Gülbeşeker,F
Gülbike,F
Gülbikem,F
Gülbil,F
Gülbin,F
Gülbitti,F
Gülbiz,F
Gülboy,F
Gülbu,F
Gülbün,F
Gülbüz,F
Gülcan,F
Gülcanan,F
Gülce,F
Gülcemal,F
Gülcihan,F
Güldal,F
Güldalı,F
Güldan,F
Güldane,F
Güldehan,F
Güldehen,F
Güldem,F
Güldemet,F
Gülden,F
Güldeniz,F
Güldenur,F
Gülder,F
Gülderen,F
Güldermiş,F
Güldeste,F
Güldeğer,F
Güldilek,F
Güldoğan,U
Güldöne,F
Güldünya,F
Güldüren,F
Gülebetin,F
Gülece,F
Güleda,F
Gülefşan,F
Gülek,M
Gülel,M
Gülen,F
Gülenay,F
Gülendam,F
Gülender,F
Gülener,M
Gülengübin,F
Gülengül,F
Gülennur,F
Güler,F
Güleray,F
Gülercan,F
Güleren,F
Gülergin,U
Gülergün,U
Gülerman,M
Gülersin,F
Gülertan,M
Güleryüz,M
Gülesen,F
Güleser,F
Gülesin,F
Gülev,F
Güleç,U
Güleçer,M
Güleğen,M
Gülfam,F
Gülfeda,F
Gülfem,F
Gülfer,F
Gülferah,F
Gülfeza,F
Gülfeşan,F
Gülfidan,F
Gülfide,F
Gülgen,F
Gülgez,F
Gülgonca,F
Gülgönül,F
Gülgûn,F
Gülgûne,F
Gülgün,F
Gülgüney,F
Gülgüzel,F
Gülhan,U
Gülhanım,F
Gülhatun,F
Gülhatır,F
Gülhayat,F
Gülhiz,F
Gülhuri,F
Gülinaz,F
Gülinci,F
Gülipek,F
Gülistan,F
Güliz,F
Gülizar,F
Gülkadın,F
Gülkan,M
Gülkız,F
Güllü,F
Güllühan,F
Güllüşah,F
Güllüşan,F
Gülmen,M
Gülmisal,F
Gülmüş,F
Gülnar,F
Gülnare,F
Gülnazik,F
Gülneşe,F
Gülnihal,F
Gülnur,F
Gülnuş,F
Gülpembe,F
Gülperi,F
Gülrenk,F
Gülriz,F
Gülru,F
Gülruh,F
Gülsalın,F
Gülsan,F
Gülsanem,F
Gülsay,F
Gülsefa,F
Gülsel,F
Gülseli,F
Gülselin,F
Gülsema,F
Gülsemin,F
Gülsen,F
Gülser,F
Gülseren,F
Gülserim,F
Gülsev,F
Gülseven,F
Gülsever,F
Gülsevi,F
Gülsevil,F
Gülsevin,F
Gülsezer,F
Gülsezin,F
Gülsim,F
Gülsima,F
Gülsimin,F
Gülsinem,F
Gülsoy,U
Gülsu,F
Gülsuna,F
Gülsunam,F
Gülsunan,F
Gülsunar,F
Gülsüm,F
Gülsüme,F
Gülsün,F
Gültab,F
Gültan,U
Gültane,F
Gültaze,F
Gültaç,F
Gültaş,M
Gültekin,M
Gülten,F
Gülter,F
Gültop,F
Gülver,F
Gülveren,F
Gülyüz,F
Gülzar,F
Gülzemin,F
Gülziba,F
Gülâfet,F
Gülân,F
Gülâver,F
Gülçe,F
Gülçehre,F
Gülçimen,F
Gülçin,F
Gülçiçek,F
Gülçün,F
Gülören,F
Gülöz,F
Gülözer,F
Gülüm,F
Gülümay,F
Gülümser,F
Gülümşen,F
Gülüstü,F
Gülüş,F
Gülşad,F
Gülşadiye,F
Gülşah,F
Gülşahin,M
Gülşan,F
Gülşehri,F
Gülşeker,F
Gülşen,F
Gülşeref,F
Gülşerif,F
Güman,M
Gümberk,M
Gümeç,M
Gümüş,U
Gümüşhatun,F
Gümüşkurt,M
Gümüşkut,M
Gümüştan,M
Gümüştay,M
Gümüştekin,M
Gün,U
Günak,M
Günal,U
Günalan,M
Günalp,M
Günaltan,M
Günaltay,M
Günan,U
Günana,F
Günay,U
Günaydın,U
Günaç,U
Günbatu,F
Günbay,M
Günbek,M
Günbey,M
Gündal,U
Gündaş,M
Gündemir,M
Günden,U
Gündeniz,M
Günder,M
Gündeş,M
Gündoğan,M
Gündoğar,M
Gündoğdu,M
Gündoğmuş,M
Gündöndü,M
Gündüz,U
Gündüzalp,M
Gündüzbey,M
Gündüzhan,M
Günebakan,F
Günel,U
Güner,U
Güneral,M
Güneralp,M
Güneray,M
Güneren,M
Günergin,M
Güneri,M
Günerim,F
Günerkan,M
Günerman,M
Güney,U
Güneç,M
Güneş,U
Güneşen,M
Güneşhan,M
Güneşhanım,F
Günfer,F
Güngör,U
Güngörbey,M
Güngördü,M
Güngören,U
Güngörmüş,M
Güngöze,M
Güngül,F
Günhan,U
Güniz,U
Günizi,M
Günizli,M
Günkan,M
Günkaya,M
Günkurt,M
Günkut,U
Günkutan,M
Günkutlu,M
Günmutlu,M
Günnar,F
Günnaz,F
Günnur,U
Günol,M
Günsar,M
Günsav,M
Günsel,U
Günseli,F
Günsenin,F
Günser,U
Günseren,F
Günsili,F
Günsu,F
Güntan,U
Güntekin,M
Günten,F
Güntimur,M
Güntöre,M
Güntülü,U
Güntürk,M
Güntürkün,M
Günvar,M
Günver,U
Günyaruk,M
Günyeli,M
Günyol,M
Günyüz,M
Günyıl,M
Günçağ,M
Günçe,M
Günçiçek,F
Günçiçeği,F
Günışık,M
Günşah,F
Günşen,U
Günşıray,U
Gür,M
Gürak,M
Gürakan,M
Gürakın,M
Güral,M
Güran,M
Gürarda,M
Gürata,M
Güray,U
Gürbay,M
Gürbaş,M
Gürbaşkan,M
Gürboğa,M
Gürbüz,U
Gürcan,M
Gürdal,M
Gürel,F
Gürer,M
Gürgân,M
Gürhan,M
Gürkan,M
Gürsel,U
Gürselin,F
Gürsen,F
Gürses,F
Gürsev,F
Gürsevil,F
Gürsu,U
Gürten,F
Gürşen,F
Güven,U
Güvenay,F
Güvenç,U
Güvercin,F
Güz,F
Güzay,F
Güze,F
Güzel,F
Güzelay,F
Güzelcan,F
Güzelce,F
Güzey,F
Güzide,F
Güzin,F
Güzinay,F
Güzingül,F
Güç,M
Güçal,M
Güçalp,M
Güçel,M
Güçeren,M
Güçermiş,M
Güçhan,M
Güçkan,M
Güçkanat,M
Güçlü,M
Güçlübay,M
Güçlüer,M
Güçlühan,M
Güçlükhan,M
Güçlütürk,M
Güçmen,M
Güçsal,M
Güçsalan,M
Güçsan,M
Güçsel,M
Güçyener,M
Güçyeter,M
Gıyas,M
Gıyasettin,M
Gıyasi,M
Hacer,F
Hacergül,F
Hacıgül,F
Hacıhanım,F
Hacıkadın,F
Hadiye,F
Hadra,F
Hafide,F
Hafize,F
Hafıza,F
Hakan,M
Hakikat,U
Hakkı,M
Haktan,U
Hakverdi,M
Haldun,M
Hale,F
Halef,M
Halenur,F
Halide,F
Halife,M
Halil,M
Halile,F
Halilullah,M
Halim,M
Halime,F
Halis,M
Halise,F
Halit,M
Halittin,M
Halâs,M
Halâskâr,M
Halâvet,F
Halûk,M
Hamaset,M
Hamdi,M
Hamdiye,F
Hamdullah,M
Hami,M
Hamide,F
Hamil,M
Hamis,M
Hamise,F
Hamit,M
Hamiye,F
Hamiyet,F
Hamra,F
Hamza,M
Han,M
Hanalp,M
Hanbegüm,F
Hanbek,M
Hanbey,M
Hanbeğendi,F
Hanbike,F
Hanbiken,F
Handan,F
Hande,F
Hanedan,M
Hanefi,M
Hanif,M
Hanife,F
Hankan,M
Hankız,F
Hansoy,M
Hansultan,F
Hanzade,U
Hanüman,F
Hanım,F
Hanımkız,F
Harbiye,F
Hare,F
Harika,F
Harun,M
Hasan,M
Hasanalp,M
Hasane,M
Hasay,F
Hasbek,M
Hasbi,M
Hasefe,M
Hasene,F
Hasgül,F
Hasibe,F
Hasip,M
Haskız,F
Haslet,M
Hasna,F
Haspolat,M
Hasret,U
Hatem,M
Hatemî,M
Hatice,F
Haticenur,F
Hatif,M
Hatife,F
Hatim,M
Hatime,F
Hatip,M
Hattat,M
Hatun,F
Hatunana,F
Hatıra,F
Hava,F
Haver,F
Havi,M
Havva,F
Hayal,F
Hayalî,M
Hayat,F
Hayati,M
Haydar,M
Hayran,U
Hayrani,M
Hayret,U
Hayrettin,M
Hayri,M
Hayriye,F
Hayrullah,M
Hayrünnisa,F
Hayır,M
Hayırgül,F
Hazal,F
Hazan,F
Hazar,M
Hazel,F
Hazime,F
Hazin,F
Hazine,F
Hazret,M
Hazık,M
Hazım,M
Haşim,M
Haşmet,M
Haşmettin,M
Hediye,F
Hekim,M
Hemdem,M
Hemta,F
Heper,M
Hepgül,F
Hepyener,M
Hepyüksel,M
Hepşen,F
Heves,F
Heybet,M
Heyecan,U
Hezarfen,M
Hicabi,M
Hicap,M
Hicran,F
Hicret,U
Hidayet,U
Hidayettin,M
Hikmet,U
Hikmettin,M
Hikmetullah,M
Hilkat,U
Hilmi,M
Hilmiye,F
Hilâl,F
Hilâlî,U
Himmet,M
Hisar,M
Hitam,M
Hiçsönmez,M
Hiçyılmaz,M
Hoşeda,F
Hoşfidan,F
Hoşgör,M
Hoşkadem,F
Hoşnigâr,F
Hoşnur,F
Hoşnut,F
Hoşsel,F
Hoşsen,F
Hoşses,F
Hoşsun,F
Hoşten,F
Huban,F
Huceste,F
Hudavendigâr,M
Hudavent,M
Hudaverdi,M
Hudayi,M
Hulagu,M
Hulki,M
Hulkiye,F
Hulya,F
Hulûsi,M
Hunalp,M
Huri,F
Hurican,F
Hurisel,F
Huriser,F
Huriye,F
Hurrem,F
Hurşide,F
Hurşit,M
Huzur,U
Hâkime,F
Hâlet,U
Hâlinur,F
Hüccet,M
Hüceste,F
Hüdavendigâr,M
Hüdavent,M
Hüdaver,U
Hüdaverdi,M
Hüdayi,M
Hükminaz,F
Hükmiye,F
Hükümdar,M
Hülya,F
Hülâgü,M
Hüma,F
Hümayun,M
Hümeyra,F
Hüner,M
Hünkâr,M
Hür,M
Hüray,U
Hürbey,M
Hürcan,U
Hürdoğan,M
Hürgül,F
Hürkal,M
Hürkan,U
Hürmet,U
Hürmüz,F
Hürnaz,F
Hürol,M
Hürrem,F
Hürriyet,U
Hürsel,U
Hürsen,F
Hürsev,M
Hüryaşar,M
Hürşen,F
Hüsam,M
Hüsamettin,M
Hüseyin,M
Hüsmen,M
Hüsna,F
Hüsne,F
Hüsniye,F
Hüsnü,M
Hüsnügül,F
Hüsnügüzel,F
Hüsnühâl,F
Hüsnüye,F
Hüsrev,M
Hüsün,F
Hüveyda,F
Hüzzam,F
Hıdır,M
Hıfziye,F
Hıfzullah,M
Hıfzı,M
Hıfzırrahman,M
Hıncal,M
Hıraman,F
Hızlan,M
Hızlı,M
Hızlıer,M
Hızır,M
Idık,M
Idıkut,M
Ildır,U
Ildız,U
Ilgar,M
Ilgarlı,M
Ilgaz,U
Ilgazcan,M
Ilgazer,M
Ilgı,M
Ilgım,U
Ilgın,U
Ilıcak,M
Ilıcan,U
Ira,M
Iraz,F
Irkıl,M
Irmak,U
Irıs,F
Irısgül,F
Irız,M
Ismık,M
Itri,M
Itır,F
Işkın,M
Işık,U
Işıkal,M
Işıkalp,M
Işıkay,M
Işıker,M
Işıkhan,M
Işıkkan,M
Işıklı,M
Işıktaş,M
Işıl,F
Işılak,M
Işılar,U
Işılay,F
Işıldar,F
Işıltan,U
Işıltı,U
Işım,F
Işıman,M
Işın,U
Işınay,F
Işınbay,M
Işınbike,F
Işıner,M
Işınhan,M
Işınkan,M
Işınsal,F
Işınsu,U
Işıt,F
Işıtan,U
Jale,F
Jülide,F
Kaan,M
Kabadayı,M
Kaban,M
Kabil,M
Kadagan,M
Kadam,U
Kadem,U
Kader,U
Kadife,F
Kadim,M
Kadime,F
Kadir,M
Kadire,F
Kadrettin,M
Kadri,M
Kadrihan,M
Kadriye,F
Kadın,F
Kadınana,F
Kadıncık,F
Kafar,M
Kahir,M
Kahraman,M
Kaim,M
Kakınç,M
Kala,M
Kalagay,M
Kalender,M
Kalgay,M
Kalkan,M
Kalmuk,M
Kalmık,M
Kam,M
Kamacı,M
Kaman,M
Kamanbay,M
Kamar,M
Kambay,M
Kamber,M
Kamer,F
Kamertab,F
Kamet,M
Kamu,M
Kanak,M
Kanat,M
Kanağan,M
Kanbay,M
Kanber,M
Kandemir,M
Kaner,M
Kani,M
Kaniye,F
Kanpolat,M
Kanpulat,M
Kansu,M
Kansun,M
Kanturalı,M
Kantürk,M
Kanun,M
Kanver,M
Kanık,M
Kanıkor,M
Kanıt,M
Kapagan,M
Kapar,M
Kapkın,M
Kaplan,M
Kaptan,M
Kapçak,M
Kara,M
Karaalp,M
Karabatak,M
Karabay,M
Karabaş,M
Karabet,M
Karabey,M
Karaboğa,M
Karabudun,M
Karabulut,M
Karabuğday,M
Karabuğra,M
Karabörü,M
Karabükey,M
Karaca,U
Karacabey,M
Karacakurt,M
Karacan,M
Karacı,M
Karadağ,M
Karademir,M
Karadeniz,M
Karadoğan,M
Karaduman,M
Karadut,F
Karaer,M
Karagöz,U
Karahan,M
Karakalpak,M
Karakan,M
Karakaya,M
Karakaş,M
Karakoca,M
Karakoyun,M
Karakoç,M
Karakucak,M
Karakurt,M
Karakuş,M
Karakız,F
Karaman,M
Karamuk,M
Karamut,M
Karamürsel,M
Karamık,M
Karan,M
Karanalp,M
Karanbay,M
Karanfil,F
Karaoğlan,M
Karapars,M
Karasal,M
Karasu,M
Karasungur,M
Karasüyek,M
Karatan,M
Karatay,M
Karataş,M
Karatekin,M
Karatün,M
Karayağız,M
Karayel,M
Karaçar,M
Karaçay,M
Karaçelik,M
Karaörs,M
Karaşın,M
Karcan,M
Kardan,F
Kardelen,F
Kardeş,M
Kargı,M
Kargın,M
Kargınalp,M
Karhan,M
Karlu,M
Karluk,M
Karlukhan,M
Karlık,M
Karsel,F
Kartal,M
Kartay,M
Kartekin,M
Karyağdı,F
Karık,M
Karındaş,M
Kasal,M
Kasar,M
Kasım,M
Kasırga,M
Katun,F
Katı,M
Katıhan,M
Kavas,M
Kavruk,M
Kavurt,M
Kavurtbey,M
Kavurthan,M
Kavvas,M
Kavçın,M
Kay,M
Kaya,M
Kayaalp,M
Kayacan,M
Kayaer,M
Kayagün,M
Kayagündüz,M
Kayahan,M
Kayan,U
Kayansel,U
Kayar,M
Kayatekin,M
Kayatimur,M
Kayatürk,M
Kayaş,M
Kaygusuz,M
Kaygısız,M
Kayhan,M
Kaymak,F
Kaymas,M
Kaymaz,M
Kaynak,M
Kaynar,M
Kaynarkan,M
Kayra,U
Kayraalp,M
Kayrabay,M
Kayrahan,M
Kayral,M
Kayran,M
Kayser,M
Kayyum,M
Kayı,M
Kayıbay,M
Kayıhan,M
Kayın,M
Kayıt,M
Kayıtmış,M
Kazak,M
Kazakhan,M
Kazan,M
Kazanhan,M
Kazgan,M
Kağan,M
Kaşka,M
Kebir,M
Kebire,F
Kebuter,F
Kekik,F
Keklik,F
Kelebek,F
Keleş,M
Keleşbay,M
Keleşhan,M
Keleştimur,M
Kelâmi,M
Kemal,M
Kemalettin,M
Kemandar,M
Kemter,M
Kenan,M
Kent,M
Kenter,M
Kepez,M
Keramet,U
Keramettin,M
Kerami,M
Kerem,M
Keremşah,M
Kerim,M
Keriman,F
Kerime,F
Kerimhan,M
Kerman,M
Kermen,M
Kervan,M
Kesek,M
Kesim,M
Keskin,M
Keskinay,M
Keskinel,M
Keskiner,M
Kete,M
Keven,M
Kevkep,U
Kevnî,M
Kevser,F
Key,M
Keyfi,M
Keyhan,M
Kezban,F
Kezer,M
Keziban,F
Keşfi,M
Keşfiye,F
Kibar,U
Kibare,F
Kibariye,F
Kifaye,F
Kifayet,F
Kimya,F
Kinaş,M
Kinyas,M
Kip,M
Kipcan,M
Kiper,M
Kipkurt,M
Kiram,M
Kiramettin,M
Kirami,M
Kiraz,F
Kirman,M
Kirmanşah,M
Kirmen,M
Kiçi,M
Kiçialp,M
Kiçihan,M
Kiçkinebike,F
Kişi,M
Kişihan,M
Koca,M
Kocaalp,M
Kocabaş,M
Kocabey,M
Kocademir,M
Kocagöz,M
Kocaman,M
Kocatay,M
Kocataş,M
Kocatürk,M
Kocaün,M
Kolat,M
Koldan,M
Koldaş,M
Kolçak,M
Koman,M
Komutan,M
Konak,M
Konan,M
Konca,F
Koncagül,F
Kongar,M
Kongarata,M
Kongur,M
Konguralp,M
Kongurtay,M
Konrat,M
Konuk,M
Konur,M
Konuralp,M
Konurata,M
Konuray,M
Konurbey,M
Konuröz,M
Konçuy,F
Kopan,M
Koparal,M
Kopuz,M
Kor,M
Kora,M
Koral,M
Koralp,M
Koraltan,M
Koramaz,M
Koraslan,M
Koray,M
Korcan,M
Korday,M
Korel,M
Korer,M
Korgan,M
Korgün,M
Korhan,M
Korkan,M
Korkmaz,M
Korkut,M
Korkutalp,M
Korkutata,M
Korman,M
Kortak,M
Kortan,M
Kortay,M
Kortaş,M
Korucu,M
Korugan,M
Koryak,M
Koryay,M
Koryiğit,M
Koryürek,M
Korçak,M
Korçan,M
Kotuz,M
Kotuzhan,M
Koyak,M
Koyaş,U
Koygun,M
Koytak,M
Koytan,M
Koytuk,M
Kozak,M
Koç,M
Koçak,M
Koçakalp,M
Koçakaslan,M
Koçaker,M
Koçay,M
Koçaş,M
Koçboğa,M
Koçbörü,M
Koçer,M
Koçhan,M
Koçkan,M
Koçkar,M
Koçsoy,M
Koçtuğ,M
Koçtürk,M
Koçu,M
Koçubey,M
Koçyiğit,M
Koşal,M
Koşuk,M
Koşukhan,M
Koşuktekin,M
Kubat,M
Kubilay,M
Kuday,M
Kudayberdi,M
Kuddus,M
Kuddusi,M
Kudret,U
Kudretullah,M
Kudsiye,F
Kukus,F
Kulan,F
Kumral,F
Kumriye,F
Kumru,F
Kurtuluş,F
Kutal,F
Kutan,F
Kutay,U
Kutbiye,F
Kutgün,F
Kutlay,F
Kutlu,M
Kutluay,F
Kutluk,M
Kutsal,F
Kutsalan,F
Kutsalar,F
Kutsan,F
Kutsel,F
Kutseli,F
Kutun,F
Kuyaş,M
Kuzay,F
Kuzey,M
Kuğu,F
Kâmil,M
Kâmile,F
Kâmran,U
Kâmuran,U
Kâni,M
Kâtibe,F
Kâtip,M
Kâzime,F
Kâzım,M
Kâşif,M
Kâşife,F
Kök,M
Kökel,M
Köken,M
Köker,M
Köklem,M
Köklü,M
Köksal,U
Köksan,M
Köksoy,M
Köksu,M
Köksür,M
Köktan,M
Köktay,M
Köktaş,M
Kökten,M
Köktürk,M
Kökşin,M
Kömen,M
Köni,M
Körklü,M
Körnes,M
Köroğlu,M
Körpe,F
Köse,M
Kösem,F
Kösemen,U
Kösten,M
Köymen,M
Köz,M
Közcan,M
Közer,M
Köçeri,M
Köşek,M
Köşker,M
Kübra,F
Kürşad,M
Kürşat,M
Kılavuz,M
Kılınç,M
Kılıç,M
Kılıçal,M
Kılıçalp,M
Kılıçaslan,M
Kılıçbay,M
Kılıçel,M
Kılıçer,M
Kılıçhan,M
Kımız,M
Kın,M
Kınalp,M
Kınay,M
Kınayman,M
Kınaytürk,M
Kınel,M
Kıner,M
Kınık,M
Kınıkaslan,M
Kınış,M
Kıpçak,M
Kıralp,M
Kıran,M
Kıranalp,M
Kıraner,M
Kırat,M
Kıratlı,M
Kıray,M
Kıraç,M
Kırbay,M
Kırboğa,M
Kırbörü,M
Kırca,M
Kırdar,M
Kırdarlı,M
Kırgız,M
Kırhan,M
Kırman,M
Kırtay,M
Kırteke,M
Kırtekin,M
Kırçiçek,F
Kısmet,U
Kıvanç,U
Kıvançer,M
Kıvançlı,M
Kıvılcım,U
Kıyam,M
Kıyan,M
Kıyas,M
Kıymet,F
Kızan,M
Kızgın,M
Kızgınbey,M
Kızgınok,M
Kızgınyiğit,M
Kızhanım,F
Kızkına,F
Kızık,M
Kızıl,M
Kızılaslan,M
Kızılateş,M
Kızılbars,M
Kızılboğa,M
Kızılbörü,M
Kızıldemir,M
Kızılelma,M
Kızılkurt,M
Kızılpars,M
Kızıltunç,M
Kızıltuğ,M
Kızılyalım,M
Kızımay,F
Lala,M
Lebibe,F
Lebip,M
Lebriz,F
Ledün,M
Lema,F
Leman,F
Lemi,M
Lemiye,F
Lerzan,F
Lerze,F
Lerziş,F
Letafet,F
Levent,M
Levin,M
Leyan,F
Leyli,F
Leylifer,F
Leylâ,F
Leylâgül,F
Leylüfer,F
Leziz,F
Lezize,F
Limon,F
Liyakat,F
Liyan,F
Lut,M
Lâhik,M
Lâhut,M
Lâle,F
Lâlegül,F
Lâlehan,F
Lâleruh,F
Lâlezar,F
Lâlgûn,F
Lâmi,M
Lâmia,F
Lâmih,M
Lâmiha,F
Lâmiye,F
Lâtif,M
Lâtife,F
Lâyık,M
Lâçin,M
Lülü,F
Lütfi,M
Lütfiye,F
Lütuf,F
Lütufkâr,F
Maarif,M
Macide,F
Macit,M
Madelet,F
Mahbube,F
Mahbup,M
Mahfer,F
Mahfi,M
Mahfuz,M
Mahi,M
Mahinur,F
Mahir,M
Mahire,F
Mahizar,F
Mahizer,F
Mahmude,F
Mahmur,M
Mahmure,F
Mahmut,M
Mahnur,F
Mahpare,F
Mahperi,F
Mahpeyker,F
Mahra,M
Mahru,F
Mahrur,F
Mahser,M
Mahsun,M
Mahsure,F
Mahsut,M
Mahten,F
Mahter,F
Mahya,M
Mahçiçek,F
Mahınev,F
Maide,F
Mail,M
Makal,M
Makbul,M
Makbule,F
Maklûbe,F
Maksude,F
Maksum,M
Maksume,F
Maksur,M
Maksure,F
Maksut,M
Makul,M
Malik,M
Malike,F
Malkoç,M
Malkoçoğlu,M
Manga,M
Mangalay,M
Manolya,F
Mansur,M
Mansure,F
Manzur,M
Mançer,M
Manço,M
Mançu,M
Mançuhan,M
Maral,U
Marifet,F
Martı,F
Maruf,M
Marufe,F
Marziye,F
Masum,M
Masume,F
Matlup,M
Matuk,M
Mavi,F
Mavisel,F
Maviş,F
Maya,F
Mazhar,M
Mazlum,M
Mazlume,F
Mağfiret,F
Mağrip,M
Mağrur,M
Maşallah,M
Maşuk,M
Maşuka,F
Mebruk,M
Mebruke,F
Mebrur,M
Mebrure,F
Mebus,M
Mebuse,F
Mecdi,M
Mecdut,M
Mecide,F
Mecit,M
Mecittin,M
Mecnun,M
Medar,F
Medayin,M
Medeni,M
Medet,M
Medide,F
Medih,M
Mediha,F
Medine,F
Medit,M
Mefhar,M
Mefharet,F
Mefkûre,F
Meftun,M
Meftune,F
Mehabet,F
Mehcur,M
Mehcure,F
Mehdi,M
Mehdiye,F
Mehip,M
Mehir,F
Mehlika,F
Mehmet,M
Mehmetçik,M
Mehpare,F
Mehru,F
Mehtap,F
Mehti,M
Mehtiye,F
Mehveş,F
Mekin,M
Mekki,M
Melda,F
Melek,F
Meleknaz,F
Meleknur,F
Melekper,F
Melekru,F
Melekşah,F
Melen,M
Melih,M
Meliha,F
Melik,M
Melike,F
Melikhan,M
Melikşah,M
Melis,F
Melisa,F
Melissa,F
Meliz,F
Melodi,F
Meltem,F
Melâhat,F
Melûl,U
Memduh,M
Memduha,F
Memik,M
Memiş,M
Memnun,M
Memnune,F
Memo,M
Memun,M
Menaf,M
Menderes,M
Menekşe,F
Menevşe,F
Mengi,M
Mengli,F
Mengûş,F
Mengü,U
Mengüalp,M
Mengübay,M
Mengüberti,M
Mengücek,M
Mengüer,M
Mengütay,M
Mengütaş,M
Mengütekin,M
Mengüç,M
Mennan,M
Mensup,M
Mensur,M
Mensure,F
Menzur,M
Menzure,F
Menşur,M
Menşure,F
Meral,U
Meram,F
Mercan,F
Merdan,M
Merdi,M
Mergen,M
Mergube,F
Mergup,M
Merih,U
Meriç,U
Mersin,M
Mert,M
Mertel,M
Merter,M
Mertkal,M
Mertkan,M
Mertkol,M
Mertol,M
Merttürk,M
Merve,F
Meryem,F
Merziye,F
Merzuk,M
Merzuka,F
Mesadet,F
Mescur,M
Meserret,F
Mesih,M
Mesrur,M
Mesrure,F
Mestan,M
Mestinaz,F
Mestur,M
Mesture,F
Mesude,F
Mesure,F
Mesut,U
Mete,M
Metehan,M
Methiye,F
Metin,M
Metine,F
Metiner,M
Metinkaya,M
Meva,F
Mevcude,F
Mevcut,M
Mevdut,M
Mevhibe,F
Mevlide,F
Mevlit,M
Mevlâna,M
Mevlûde,F
Mevlût,M
Mevlüde,F
Mevlüt,M
Mevsim,F
Mevzun,M
Mevzune,F
Meyil,F
Meymun,M
Meymune,F
Meyransa,F
Meyyal,F
Mezide,F
Mezit,M
Meziyet,F
Mezun,M
Meşahir,M
Meşale,F
Meşhur,M
Meşkûr,M
Meşkûre,F
Meşru,M
Midhat,M
Mihin,M
Mihine,F
Mihman,F
Mihri,U
Mihriban,F
Mihrican,U
Mihrimah,F
Mihrinaz,F
Mihrinisa,F
Mihrinur,F
Mihriye,F
Mihrişah,F
Mikâil,M
Mimoza,F
Mina,F
Mine,F
Minnet,F
Mir,F
Miran,M
Miranmir,M
Mirat,M
Miray,F
Miraç,M
Mircan,U
Mirhan,U
Mirkelâm,M
Mirnur,F
Mirrih,F
Mirza,M
Mirzat,M
Misal,F
Misli,F
Mithat,M
Miyase,F
Mocan,M
Molu,M
Moran,M
Moray,U
Morgül,F
Muadelet,F
Muaffak,M
Muallim,M
Muallâ,F
Muammer,U
Muarra,F
Muattar,F
Muazzam,M
Muazzez,F
Mubahat,F
Mucide,F
Mucip,M
Mucit,M
Mucize,F
Muhabbet,F
Muhacir,M
Muhaddere,F
Muhammed,M
Muhammet,M
Muhar,M
Muharrem,M
Muhibbe,F
Muhibbi,M
Muhip,M
Muhittin,M
Muhlis,M
Muhlise,F
Muhsin,M
Muhsine,F
Muhtar,M
Muhterem,U
Muhteşem,U
Muhyi,M
Muin,M
Muine,F
Mukaddem,M
Mukadder,U
Mukaddes,F
Mukbil,M
Mukbile,F
Mukim,M
Mukime,F
Muktedir,M
Munar,M
Mungan,M
Munis,M
Munise,F
Murat,M
Murathan,M
Murtaza,M
Musa,M
Musaddık,M
Musafat,M
Musaffa,F
Muslih,M
Muslihe,F
Muslihiddin,M
Mustafa,M
Mut,M
Mutahhar,U
Mutarra,F
Mutasım,M
Muteber,U
Mutena,F
Muti,M
Mutia,F
Mutlu,U
Mutlualp,M
Mutluay,U
Mutlubay,M
Mutluer,M
Mutlugün,M
Mutluhan,M
Mutluk,M
Mutlukan,M
Mutlukhan,M
Mutlutekin,M
Mutluğ,M
Mutver,M
Muvaffak,M
Muvahhide,F
Muvahhit,M
Muvakkar,U
Muzaffer,U
Muğdat,M
Muştu,M
Muştubey,M
Mübahat,F
Mübarek,M
Mübareke,F
Mübeccel,F
Müberra,F
Mübeyyen,F
Mübin,M
Mübine,F
Mücahit,M
Mücahittin,M
Mücap,M
Müceddet,F
Mücellâ,F
Mücessem,F
Mücevher,F
Müderris,M
Müdrik,M
Müdrike,F
Müeddep,F
Müesser,U
Müeyyet,U
Müferrih,U
Müfide,F
Müfit,M
Müftü,M
Müge,F
Müheyya,F
Mühibe,F
Mühip,M
Mühürdar,M
Müjdat,M
Müjde,F
Müjgân,F
Mükerrem,U
Mükevven,F
Mükremin,M
Mükrim,M
Mükrime,F
Mükrimin,M
Mükâfat,F
Müldür,M
Mülhim,M
Mülhime,F
Mülket,M
Mülâyim,M
Mülâzım,M
Mümin,M
Mümine,F
Müminhan,M
Mümtaz,M
Mümtaze,F
Münasip,M
Münci,M
Münciye,F
Münevver,F
Münibe,F
Münif,M
Münife,F
Münim,M
Münime,F
Münip,M
Münir,M
Münire,F
Münteha,F
Müren,U
Müride,F
Mürit,M
Mürsel,M
Mürüvvet,F
Mürşide,F
Mürşit,M
Müsemma,F
Müsevver,F
Müslim,M
Müslime,F
Müslüm,M
Müslüme,F
Müstakim,M
Müstakime,F
Müstecap,M
Müstenir,M
Müstenire,F
Müstesna,F
Müveddet,F
Müyesser,F
Müzahir,M
Müzdat,M
Müzehher,F
Müzekker,M
Müzeyyen,F
Müçteba,M
Müşahit,M
Müşerref,U
Müşfik,M
Müşfika,F
Müşir,M
Müşküle,F
Müştak,M
Müşteba,M
Müştehir,M
Mısra,F
Mısır,F
Nabi,M
Nabia,F
Nabiye,F
Naci,M
Nacil,M
Naciye,F
Nadi,M
Nadide,F
Nadim,M
Nadime,F
Nadir,M
Nadire,F
Nadiye,F
Nafi,M
Nafia,F
Nafile,F
Nafiye,F
Nafiz,M
Nafize,F
Nagehan,F
Nahide,F
Nahire,F
Nahit,M
Naibe,F
Nail,M
Naile,F
Naim,M
Naime,F
Naip,M
Naire,F
Naki,M
Nakip,M
Nakiye,F
Nakıp,M
Nakşıdil,F
Nalân,F
Namal,M
Namdar,M
Name,F
Nami,M
Namiye,F
Namık,M
Namıka,F
Nardan,F
Nardane,F
Nargül,F
Narhanım,F
Narin,F
Nariye,F
Narkadın,F
Nart,M
Narter,M
Nas,M
Nasfet,F
Nasibe,F
Nasih,M
Nasiha,F
Nasip,U
Nasir,M
Nasiye,F
Nasrettin,M
Nasri,M
Nasrullah,M
Nasuh,M
Nasuhi,M
Nasıf,M
Nasır,M
Nasıra,F
Natuk,M
Natuvan,M
Natık,M
Natıka,F
Nayman,M
Naz,F
Nazan,F
Nazar,M
Nazbike,F
Nazende,F
Nazenin,F
Nazhanım,F
Nazif,M
Nazife,F
Nazik,U
Nazir,M
Nazire,F
Nazlan,F
Nazlı,F
Nazlıcan,F
Nazlıgül,F
Nazlıhan,F
Nazlım,F
Nazmi,M
Nazmiye,F
Nazıdil,F
Nazım,M
Nazıma,F
Nazır,M
Nağme,F
Naşide,F
Naşir,M
Naşire,F
Naşit,M
Nebahat,F
Nebahattin,M
Nebi,M
Nebih,M
Nebihe,F
Nebil,M
Nebile,F
Nebiye,F
Necabet,M
Necabettin,M
Necat,U
Necati,M
Neccar,M
Necdet,M
Necibe,F
Necile,F
Necip,M
Neclâ,F
Necmi,M
Necmiye,F
Necve,F
Nedim,M
Nedime,F
Nedret,U
Nefaset,F
Nefer,M
Nefi,M
Nefis,U
Nefise,F
Nehar,M
Nehip,M
Nehir,F
Nehire,F
Nehri,M
Nejat,M
Nejlâ,F
Nemutlu,U
Neptün,F
Nergis,F
Nergise,F
Nerim,M
Neriman,F
Nermi,M
Nermin,F
Nesibe,F
Nesil,M
Nesim,M
Nesime,F
Nesimi,M
Nesip,M
Nesli,F
Nesligül,F
Neslihan,F
Neslişah,F
Nesrin,F
Nesteren,F
Netice,F
Neva,F
Neval,F
Nevale,F
Nevbahar,F
Nevber,F
Nevcan,F
Nevcivan,U
Neveda,F
Neveser,F
Nevfel,M
Nevgül,F
Nevhiz,F
Nevide,F
Nevin,F
Nevinur,F
Nevir,F
Nevit,M
Nevnihal,F
Nevra,F
Nevres,U
Nevreste,F
Nevrettin,M
Nevri,M
Nevriye,F
Nevruz,U
Nevsal,M
Nevsale,F
Nevvare,F
Nevzat,U
Neyire,F
Neyran,F
Neyyire,F
Neyyiri,M
Neyzen,M
Nezafet,F
Nezahat,F
Nezahattin,M
Nezahet,F
Nezaket,F
Nezih,M
Nezihe,F
Nezihi,M
Nezir,M
Nezire,F
Neşat,U
Neşe,F
Neşecan,F
Neşegül,F
Neşem,F
Neşenur,F
Neşet,M
Neşever,F
Neşide,F
Neşit,M
Neşve,F
Nida,U
Nidai,M
Nigâr,F
Nihade,F
Nihai,M
Nihal,F
Nihan,F
Nihat,M
Nihayet,U
Nil,F
Nilay,F
Nilberk,F
Nilgûn,F
Nilgün,F
Nilhan,U
Nili,F
Nilsu,F
Nilüfer,F
Nimet,U
Nimetullah,M
Niran,F
Nisa,F
Nisan,U
Nisani,M
Nisvan,F
Niyaz,U
Niyazi,M
Niyet,F
Nizam,M
Nizamettin,M
Nizami,M
Nizar,M
Nişan,M
Nişanbay,M
Nogay,M
Noyan,M
Nuh,M
Nuhbe,F
Nuhcan,M
Nuhkan,M
Numan,M
Nur,U
Nural,U
Nuralp,M
Nuran,F
Nurani,M
Nuratay,M
Nuray,U
Nuraydın,M
Nurbaki,M
Nurbanu,F
Nurbay,M
Nurben,F
Nurbige,F
Nurcan,U
Nurcihan,U
Nurdal,U
Nurdan,U
Nurdanay,F
Nurdane,F
Nurdağ,U
Nurdide,F
Nurdil,F
Nurdoğan,U
Nurdoğdu,F
Nurefşan,F
Nurel,U
Nurer,M
Nurersin,M
Nurettin,M
Nurfer,F
Nurfeza,F
Nurfidan,F
Nurfide,F
Nurgök,F
Nurgül,F
Nurgün,F
Nurhan,U
Nurhanım,F
Nurhayal,F
Nurhayat,F
Nurhilâl,F
Nuri,M
Nurihak,M
Nurinisa,F
Nuriye,F
Nuriş,F
Nurkadın,F
Nurkan,U
Nurkut,U
Nurlan,F
Nurlu,F
Nurmah,F
Nurmelek,F
Nurnigâr,F
Nurol,U
Nurper,F
Nurperi,F
Nursabah,F
Nursal,U
Nursan,U
Nursaç,F
Nursel,U
Nurselen,F
Nurseli,F
Nursema,F
Nursen,F
Nursenin,F
Nurser,F
Nurseren,F
Nursev,F
Nurseven,F
Nursevil,F
Nursevim,F
Nursevin,F
Nursim,F
Nursima,F
Nursine,F
Nursu,F
Nursun,F
Nurtan,F
Nurtane,F
Nurtaç,U
Nurtek,F
Nurtekin,M
Nurten,F
Nurtop,U
Nurullah,M
Nurver,U
Nurveren,F
Nurzat,M
Nurzen,F
Nurzer,F
Nurâlem,F
Nurçin,F
Nuröz,U
Nurışık,F
Nurşah,M
Nurşen,F
Nusret,U
Nusrettin,M
Nuyan,M
Nuşabe,F
Nuşin,F
Nükhet,F
Nüvide,F
Nüvit,U
Nüzhet,U
Oba,M
Oben,M
Obuz,M
Ocak,M
Ocan,M
Od,M
Oder,M
Odhan,M
Odkan,M
Odkanlı,M
Odman,M
Odyak,M
Odyakar,M
Odyakmaz,M
Oflas,M
Oflaz,U
Oflazer,M
Ogan,M
Oganalp,M
Oganer,M
Ogansoy,M
Ogeday,M
Oguş,U
Ogül,F
Ogün,M
Okakın,M
Okal,M
Okan,M
Okanalp,M
Okanay,M
Okandan,M
Okaner,M
Okar,M
Okat,M
Okatan,M
Okatar,M
Okatay,M
Okay,M
Okayer,M
Okbay,M
Okbaş,M
Okboğa,M
Okbudun,M
Okcan,M
Okdağ,M
Okdemir,M
Oker,M
Okergin,M
Okgüç,M
Okgüçlü,M
Okhan,M
Okkan,M
Okman,M
Oksal,M
Oksaldı,M
Oksalmış,M
Oksar,M
Oksay,M
Oksev,M
Okseven,M
Oksever,M
Oksu,M
Oktan,M
Oktar,M
Oktay,M
Oktaş,M
Oktunç,M
Oktuğ,M
Oktüre,M
Oktüremiş,M
Oktürk,M
Okumuş,M
Okur,M
Okutan,M
Okuyan,M
Okuş,M
Okuşlu,M
Okver,M
Okverdi,M
Okyalaz,M
Okyan,M
Okyanus,U
Okyar,M
Okyay,M
Okçun,M
Okşak,M
Okşan,U
Okşar,M
Olca,U
Olcabay,M
Olcan,M
Olcay,U
Olcayhan,M
Olcayto,M
Olcaytu,M
Olcaytuğ,M
Olcaytürk,M
Oldaç,M
Oldağ,M
Olgaç,M
Olgun,U
Olgunay,M
Olguner,M
Olgunsoy,M
Olgunsu,M
Olkıvanç,M
Olpak,M
Olsan,M
Oluk,M
Oluş,U
Olçun,M
Omaca,M
Omay,M
Omaç,M
Omur,M
Omurca,M
Omurtak,M
Onan,M
Onar,M
Onaran,M
Onart,M
Onat,U
Onatkan,M
Onatkut,M
Onatsü,M
Onay,U
Onbulak,M
Onel,M
Oner,M
Onerim,M
Ongan,M
Ongay,M
Ongu,F
Ongun,M
Ongunalp,M
Onguner,M
Ongunsu,M
Ongur,M
Ongün,M
Ongüner,M
Ongüneş,M
Onuk,M
Onuker,M
Onuktan,M
Onuktekin,M
Onul,M
Onultan,M
Onur,U
Onurad,M
Onural,M
Onuralp,M
Onurhan,M
Onurkan,M
Onurlu,M
Onursal,M
Onursan,M
Onursay,M
Onursev,M
Onurseven,M
Onursoy,M
Onursu,M
Onursü,M
Onuğ,M
Opak,M
Opçin,M
Orak,M
Orakay,M
Oral,M
Oralmış,M
Oran,M
Oranlı,M
Oray,M
Orbay,M
Orbek,M
Orcan,M
Orcaner,M
Orgun,M
Orgunalp,M
Orguntay,M
Orgül,F
Orgün,M
Orgünalp,M
Orhan,M
Orhun,M
Orkan,M
Orkide,F
Orkun,M
Orkut,M
Orkutay,M
Orkuş,M
Orman,U
Ortak,M
Ortan,M
Ortanca,F
Ortaç,M
Ortun,M
Ortunç,M
Oruk,M
Orum,M
Orun,M
Orus,M
Oruz,M
Oruç,M
Orçun,M
Oskan,M
Oskay,U
Osman,M
Otacı,M
Otak,M
Otakçı,M
Otamış,M
Otaran,M
Otay,M
Otağ,M
Otuk,M
Oy,M
Oya,F
Oyal,M
Oyalp,M
Oyalı,F
Oyaçiçek,F
Oybozan,M
Oyhan,M
Oykan,M
Oykut,M
Oylum,F
Oymak,M
Oyman,M
Oytun,U
Oytunç,M
Ozan,M
Ozanalp,M
Ozanay,M
Ozaner,M
Ozansoy,M
Ozansü,M
Ozgan,M
Oğan,M
Oğanalp,M
Oğaner,M
Oğansoy,M
Oğanverdi,M
Oğul,M
Oğulbalı,M
Oğulbay,M
Oğulbaş,M
Oğulbey,M
Oğulcan,M
Oğultan,M
Oğultekin,M
Oğultürk,M
Oğulçak,M
Oğur,M
Oğuralp,M
Oğurata,M
Oğuz,M
Oğuzalp,M
Oğuzata,M
Oğuzbala,M
Oğuzbay,M
Oğuzcan,M
Oğuzer,M
Oğuzhan,M
Oğuzkan,M
Oğuzman,M
Oğuztan,M
Oğuztüzün,M
Oğuş,M
Padişah,M
Pak,U
Pakalın,M
Pakbaz,M
Pakel,M
Paker,M
Paki,M
Pakize,F
Pakkan,M
Pakman,M
Paksan,M
Paksu,F
Paksüt,F
Pakân,M
Pamir,U
Pamuk,F
Papatya,F
Parla,F
Parlak,F
Parlanur,F
Parlar,F
Payan,F
Paye,F
Payende,F
Payidar,F
Pek,F
Pekak,F
Pekay,F
Pekbal,F
Pekdeğer,F
Pekkan,F
Peksu,F
Peköz,F
Pekşen,F
Pelin,F
Pelit,F
Pembe,F
Pembegül,F
Peren,F
Peri,F
Perican,F
Peride,F
Perihan,F
Perinişan,F
Perinur,F
Periru,F
Periveş,F
Perizat,F
Perize,F
Periçehre,F
Permun,F
Perran,F
Pertev,M
Peruze,F
Pervane,F
Perver,F
Pervin,F
Perviz,F
Perçem,F
Pesen,F
Pesent,F
Petek,F
Peyker,F
Peyman,F
Piran,F
Piraye,F
Piruze,F
Polat,M
Poyraz,M
Prenses,F
Pullu,F
Punar,F
Püren,F
Pürfer,F
Pürçek,F
Pürşan,F
Pürşen,F
Pütün,F
Pınar,F
Pırlanta,F
Pırıl,F
Pırıltı,F
Pıtrak,F
Pıtırca,F
Rabbani,M
Rabi,M
Rabia,F
Rabih,M
Raci,M
Racih,M
Raciye,F
Radi,M
Radife,F
Radiye ,F
Rafet,M
Rafettin,M
Rafi,M
Rafia,F
Rafih,M
Ragibe,F
Ragıp,M
Rahi,M
Rahile,F
Rahim,M
Rahime,F
Rahiye,F
Rahman,M
Rahmani,M
Rahmet,U
Rahmeti,M
Rahmetullah,M
Rahmi,M
Rahmiye,F
Rahşan,U
Rahşende,F
Raif,M
Raife,F
Raik,M
Raika,F
Rakibe,F
Rakide,F
Rakime,F
Rakip,M
Rakım,M
Rakıme,F
Ramazan,M
Rami,M
Ramis,M
Ramiye,F
Ramiz,M
Rana,F
Rasih,M
Rasiha,F
Rasim,M
Rasime,F
Rasin,M
Rasiye,F
Ratibe,F
Ratip,M
Rauf,M
Raufe,F
Ravza,F
Rayet,M
Rayiha,F
Rayıhan,M
Razi,M
Raziye,F
Razı,M
Rağbet,F
Raşide,F
Raşit,M
Rebi,M
Rebia,F
Rebii,M
Rebiyye,F
Reca,M
Recai,M
Recep,M
Refah,F
Refahet,F
Refet,U
Refettin,M
Refhan,U
Refi,M
Refia,F
Refih,M
Refihe,F
Refii,M
Refik,M
Refika,F
Refiye,F
Refiğ,M
Reftar,F
Regaip,M
Reha,U
Rehayeddin,M
Rehber,M
Reis,M
Rekin,M
Rekine,F
Remide,F
Remzi,M
Remziye,F
Renan ,U
Rengin,F
Renginar,F
Resai,M
Resane,F
Reset,M
Reside,F
Resmigül,F
Resmiye,F
Resmî,M
Resul,M
Resulhan,M
Revan,U
Reviş,U
Revza,F
Reyhan,F
Reyya,F
Reyyan,U
Rezan,F
Rezin,U
Rezzak,M
Rezzan,F
Reşat,M
Reşide,F
Reşididdin,M
Reşik,M
Reşit,M
Rical,M
Rifat,M
Rikap,M
Rikkat,F
Rindan,F
Risalet,U
Risalettin,M
Ruat,M
Ruhan,F
Ruhani,M
Ruhcan,M
Ruhfeza,F
Ruhi,M
Ruhinur,F
Ruhittin,M
Ruhiye,F
Ruhişen,F
Ruhsal,F
Ruhsar,F
Ruhsare,F
Ruhsat,U
Ruhsen,F
Ruhugül,F
Ruhullah,M
Ruhunur,F
Ruhşan,M
Ruhşen,F
Rukiye,F
Ruziye,F
Ruşen,U
Rüknettin,M
Rükni,M
Rüknü,M
Rüksan,F
Rümeysa,F
Rüstem,M
Rüsuhi,M
Rüveyda,F
Rüveyde,F
Rüveyha,F
Rüvide,F
Rüya,F
Rüzgâr,U
Rüçhan,U
Rüştiye,F
Rüştü,M
Rıdvan,M
Rıfat,M
Rıfkı,M
Rıfkıye,F
Rıza,M
Rızkullah,M
Rızvan,M
Saadet,F
Saadettin,M
Saba,U
Sabah,U
Sabahat,F
Sabahattin,M
Sabahnur,F
Sabar,M
Sabbar,U
Sabih,M
Sabiha,F
Sabir,U
Sabire,F
Sabit,M
Sabite,F
Sabiye,F
Sabri,M
Sabrinnisa,F
Sabriye,F
Sabur,M
Sabutay,M
Sabıka,F
Sabır,F
Sacide,F
Sacit,M
Sada,U
Sadak,M
Sadakat,M
Sadberk,F
Sadedil,F
Sadegül,F
Sadettin,M
Sadhezar,F
Sadi,M
Sadice,F
Sadir,M
Sadiye,F
Sadrettin,M
Sadri,M
Sadriye,F
Sadullah,M
Sadun,M
Sadık,M
Sadıka ,F
Safa,U
Safder,M
Safer,M
Saffet,U
Safi,M
Safinaz,F
Safinur,F
Safir,F
Safire,F
Safiye,F
Safiyet,F
Safiyüddin,M
Safter,M
Safıgül,F
Sahabi,M
Sahavet,F
Sahba,F
Sahibe,F
Sahil,U
Sahip,M
Sahir,M
Sahire,F
Sahra,F
Sahure,F
Saibe,F
Saide,F
Saika,F
Saim,M
Saime,F
Saip,M
Sair,M
Saire,F
Sait,M
Sak,M
Saka,M
Saki,M
Sakibe,F
Sakin,M
Sakine,F
Sakman,M
Sakın,M
Sakıp,M
Sal,M
Sala,M
Salan,M
Salcan,M
Saldam,M
Salgur,M
Salih,M
Saliha,F
Salim,M
Salime,F
Salis,M
Salise,F
Salkım,F
Salkın,M
Salman,M
Saltan,U
Saltanat,F
Saltuk,M
Saltukalp,M
Saltı,M
Saltık,M
Salur,M
Salurbay,M
Salâh,M
Salâhattin,M
Salâhi,M
Salâr,M
Salık,M
Salıkbey,M
Salıkbike,F
Salınbike,F
Samahat,F
Samanur,F
Samet,M
Sami,M
Samih,M
Samiha,F
Samim,M
Samime,F
Samimi,M
Samin,M
Samir,M
Samire,F
Samiye,F
Samur,U
Samuray,M
Samurtay,M
San,M
Sanak,M
Sanal,U
Sanalp,M
Sanat,M
Sanavber,F
Sanay,U
Sanaç,M
Sanbay,M
Sanberk,M
Sancak,M
Sancaktar,M
Sancar,M
Sancarhan,M
Sanduç,M
Sanem,F
Sanemnur,F
Saner,M
Sanevber,F
Sani,M
Sania,F
Sanih,M
Saniha,F
Saniye,F
Sanlı,M
Sannur,F
Sanver,M
Sançar,M
Sanşın,M
Sar,M
Sara,F
Saral,M
Saran,M
Saraç,M
Sarbek,M
Sare,F
Sargan,M
Sargut,M
Sargın,U
Sargınal,M
Sarim,M
Sarkan,M
Sarmaşık,F
Sarp,M
Sarper,M
Sarphan,M
Sarpkan,M
Sarpkoç,M
Sarpkın,M
Sart,M
Sartık,M
Saru,M
Saruca,M
Saruhan,M
Sarvan,M
Sarıalp,M
Sarıbay,M
Sarıca,M
Sarıcabay,M
Sarıer,M
Sarıgül,F
Sarıgüzel,F
Sarıhan,M
Sarıkaya,M
Sarıkız,F
Sarıtaş,M
Sarıçam,M
Sarıçiçek,F
Satu,F
Satuk,M
Satukbuğra,M
Satvet,M
Satı,U
Satıa,F
Satıbey,M
Satıgül,F
Satıhanım,F
Satılmış,M
Sav,M
Sava,M
Savacı,M
Savak,M
Savat,M
Savaş,M
Savaşan,M
Savaşer,M
Savaşkan,M
Saver,M
Savgat,M
Savlet,M
Savni,M
Savniye,F
Savran,M
Savtekin,M
Savtunç,M
Savtur,M
Savun,M
Say,M
Saya,M
Sayan,M
Sayar,F
Saybay,M
Saydam,U
Saygun,U
Saygül,F
Saygı,U
Saygılı,M
Saygın,U
Sayhan,M
Saykal,M
Saykut,M
Saylam,M
Saylan,M
Saylav,M
Saylu,M
Sayman,M
Saymaner,M
Saynur,F
Sayrak,M
Sayran,F
Sayraç,M
Sayru,M
Sayrı,M
Sayvan,M
Sayyat,M
Sayıl,U
Sayılbay,M
Sayılgan,M
Sayım,M
Sayın,U
Sayınberk,M
Sayınbey,M
Sayıner,M
Sazak,M
Saçı,F
Sağan,M
Sağanak,M
Sağanalp,M
Sağbilge,M
Sağbudun,M
Sağcan,M
Sağdıç,M
Sağlam,M
Sağlamer,M
Sağlar,M
Sağlık,M
Sağman,M
Sağun,M
Sağın,M
Sağınç,M
Sağıt,M
Seba,F
Sebahat,F
Sebahattin,M
Sebat,U
Sebati,M
Sebih,M
Sebil,U
Sebile,F
Seblâ,F
Sebu,F
Sebük,M
Sebükalp,M
Sebüktekin,M
Secahat,M
Seda,U
Sedanur,F
Sedat,M
Sedef,F
Seden,F
Sedit,M
Sefa,U
Sefer,U
Seferî,M
Seha,U
Sehavet,F
Seher,F
Sehergül,F
Sehernaz,F
Sehhar,M
Sehhare,F
Sehi,M
Sehran,M
Sekine,F
Sel,F
Selay,F
Selcan,F
Selcen,U
Selda,F
Seldağ,F
Selek,M
Selekman,M
Selekmen,M
Selen,U
Seler,M
Selgüç,M
Selhan,U
Selim,M
Selime,F
Selin,F
Selkan,M
Selma,F
Selman,M
Selmi,M
Selmin,F
Selnur,F
Selok,M
Selva,F
Selvet,F
Selvi,U
Selvican,F
Selvihan,U
Selvinaz,F
Selâh,M
Selâhattin,M
Selâhi,M
Selâm,M
Selâmet,U
Selâmettin,M
Selâmi,M
Selâmullah,M
Selâtin,M
Selçuk,U
Selçuker,M
Selçukkan,M
Selışık,U
Selışıl,F
Selışın,F
Sema,F
Semagül,F
Semahat,U
Semai,M
Semanur,F
Semavi,M
Semen,F
Semender,M
Semih,M
Semiha,F
Semin,F
Semine,F
Semir,M
Semiramis,F
Semiray,M
Semire,F
Semiye,F
Semra,F
Semuh,M
Sena,U
Senai,M
Senal,F
Senar,F
Senay,F
Sencan,M
Sencer,M
Senem,F
Sener,M
Senger,M
Sengül,F
Sengün,F
Senih,M
Seniha,F
Seniye,F
Sennur,F
Senol,M
Senî,M
Sera,F
Serad,M
Seralp,M
Seran,F
Serap,F
Seray,F
Serazat,M
Serbay,M
Serbülent,M
Sercan,U
Sercihan,M
Serdal,M
Serdar,M
Serdarhan,M
Serdengeçti,M
Serdil,F
Serdinç,M
Seren,U
Serener,M
Serengül,F
Serfiraz,F
Sergen,M
Sergin,M
Sergül,F
Sergün,F
Serhan,M
Serhas,M
Serhat,M
Serhenk,M
Serhun,M
Serim,M
Serimer,M
Serin,U
Seringül,F
Serkan,M
Serkut,M
Serma,F
Sermelek,F
Sermet,U
Sermin,F
Sernaz,F
Sernevaz,F
Sernur,F
Serol,M
Serpil,F
Serpin,F
Serra,F
Sertap,U
Sertaç,U
Sertel,M
Serter,M
Sertuğ,M
Server,M
Servet,U
Servi,U
Servinaz,F
Settar,M
Seval,F
Sevan,U
Sevay,U
Sevcan,U
Sevda,F
Sevdakâr,F
Sevde,F
Sevdiye,F
Seven,U
Sevenay,F
Sevencan,F
Sevener,M
Sevengül,F
Sevengün,F
Sever,U
Severcan,F
Sevgen,U
Sevgi,F
Sevgican,F
Sevgideğer,M
Sevgihan,F
Sevgili,F
Sevgim,F
Sevginaz,F
Sevginur,F
Sevgisun,F
Sevgül,F
Sevgün,M
Sevgür,U
Sevi,F
Sevican,F
Sevik,M
Sevil,F
Sevilay,F
Sevilcan,F
Sevilen,F
Sevilsen,F
Sevim,F
Sevimgül,F
Sevin,U
Sevinay,F
Sevindik,M
Sevinç,U
Seviğ,M
Sevkal,U
Sevkan,U
Sevnaz,F
Sevnur,F
Sevsay,F
Sevsen,F
Sevsevil,F
Sevtap,F
Sevük,M
Sevüktekin,M
Seyda,M
Seydi,M
Seyfali,M
Seyfettin,M
Seyfi,M
Seyfiye,F
Seyfullah,M
Seyhan,U
Seyhun,M
Seyit,M
Seyithan,M
Seylân,U
Seylâp,F
Seymen,M
Seyran,U
Seyyal,F
Seyyare,F
Seyyide,F
Seza,F
Sezai,M
Sezal,U
Sezan,F
Sezay,F
Sezek,U
Sezel,F
Sezen,U
Sezer,U
Sezgen,U
Sezgi,U
Sezgin,U
Sezginay,U
Sezginbaş,M
Sezi,M
Sezim,M
Sezin,U
Seziş,M
Sezmen,M
Seçen,M
Seçgül,F
Seçik,F
Seçil,F
Seçilay,F
Seçim,M
Seçkin,U
Seçkiner,M
Seçme,M
Seçmeer,M
Seçmen,M
Seçmener,M
Seğmen,M
Sibel,F
Sidre,F
Sili,F
Sim,F
Sima,F
Simavi,M
Simay,F
Simayişems,F
Simber,F
Simden,F
Simge,F
Simhan,F
Simin,F
Simruy,F
Simten,F
Simüzer,F
Sina,M
Sinan,M
Sincan,F
Sine,F
Sinem,F
Singin,M
Sipahi,M
Siper,M
Siracettin,M
Sirap,F
Siraç,M
Siren,F
Sirer,M
Siret,U
Sirmen,M
Sitare,F
Sitti,F
Siva,F
Siyavuş,M
Siyret,M
Solmaz,F
Som,M
Somay,U
Somel,M
Somer,M
Somnur,F
Sonad,M
Sonalp,M
Sonat,U
Sonay,U
Sonbahar,F
Sonbay,M
Sondal,M
Sonel,F
Soner,M
Songun,M
Songur,M
Songurhan,M
Songurkan,M
Songül,F
Sonnur,F
Sonol,F
Sonsen,F
Sonsuz,U
Sontaç,F
Sonten,F
Sonuç,U
Sonver,F
Soral,M
Sorgun,M
Sorguç,M
Sorkun,M
Soyak,M
Soyalp,M
Soydan,M
Soydaner,M
Soydaş,M
Soydinç,M
Soydinçer,M
Soyer,M
Soygüven,M
Soyhan,U
Soykal,M
Soykan,U
Soykurt,M
Soykut,M
Soykök,M
Soylu,M
Soylubay,M
Soylubey,M
Soyluer,M
Soysal,M
Soysaldı,M
Soysaltürk,M
Soysan,M
Soyselçuk,M
Soytekin,M
Soyuer,M
Soyugür,M
Soyupak,M
Soyurgal,M
Soyöz,M
Su,U
Sualp,M
Suat,U
Suavi,M
Suay,U
Subay,M
Subaşı,M
Subegi,M
Subhi,M
Subhiye,F
Subutay,M
Suca,M
Sudan,F
Sude,F
Sudi,M
Sudiye,F
Suhan,M
Suheyp,M
Suka,M
Sukat,M
Sukuşu,M
Sulbiye,F
Sulhi,M
Sulhiye,F
Sultan,U
Sumer,U
Sumru,F
Sun,U
Suna,F
Sunal,M
Sunalp,M
Sunar,U
Sunay,U
Sunel,M
Suner,M
Sungu,U
Sungun,M
Sungur,M
Sunguralp,M
Sungurbay,M
Sungurtekin,M
Sunu,F
Sunullah,M
Suphi,M
Suphiye,F
Suudi,M
Suut,M
Suyurgal,M
Suyurgamış,M
Suyurgan,M
Suzan,F
Suzi,M
Suzidil,F
Sâmân,M
Sâtı,M
Sökmen,M
Sökmener,M
Sökmensü,M
Sökmensüer,M
Sönmez,U
Sönmezalp,M
Sönmezay,U
Sönmezer,M
Sözal,M
Sözen,U
Sözer,M
Sözmen,M
Sözüsöz,M
Söğüt,M
Sü,M
Süalp,M
Sübaş,M
Sübaşı,M
Sübitay,M
Südaş,M
Süeda,F
Süel,M
Süer,M
Süerdem,M
Süerden,M
Süeren,M
Süergin,M
Süerkan,M
Süersan,M
Süha,M
Sühan,M
Sühandan,F
Süheyl,M
Süheylâ,F
Sükan,M
Sükûn,F
Sükût,F
Sükûti,M
Sülemiş,M
Süleyman,M
Sülü,M
Sülün,F
Sülünay,F
Sülünbike,F
Sümbül,F
Sümbülveş,F
Sümer,U
Sümerkan,M
Sümeyra,F
Sümeyre,F
Sünbüle,F
Sündüs,F
Süngür,M
Süngütay,M
Sünter,M
Süphan,M
Süreyya,U
Sürmeli,F
Sürsoy,M
Süruri,M
Süsen,F
Süslü,F
Süvari,M
Süveyda,F
Süveyde,F
Süyek,M
Süzen,M
Süzülay,F
Sıba,M
Sıdal,M
Sıdam,M
Sıdar,M
Sıddık,M
Sıddıka,F
Sıdkı,M
Sıdkıye,F
Sıdıka,F
Sıla,U
Sılan,M
Sılgın,M
Sıngın,M
Sıral,M
Sıralp,M
Sırat,M
Sırga,F
Sırma,F
Sırmahan,F
Sırriye,F
Sırrı,M
Sıtkı,M
Sıtkıye,F
Sıylı,M
Sıylıhan,M
Sıylıkız,F
Sığın,M
Tabende,F
Tabgaç,M
Tacal,M
Tacettin,M
Taci,M
Tacim,M
Tacir,M
Taciser,F
Tacver,M
Tacızer,F
Taflan,U
Tagan,F
Tagangül,F
Tagay,M
Taha,M
Tahir,M
Tahire,F
Tahsin,M
Tahsine,F
Taibe,F
Taip,M
Takdir,M
Taki,M
Takiye,F
Takiyettin,M
Talas,M
Talay,M
Talayer,M
Talayhan,M
Talaykan,M
Talaykoç,M
Talaykurt,M
Talaykut,M
Talayman,M
Talaz,M
Talha,M
Tali,M
Talia,F
Talibe,F
Talih,M
Taliha,F
Talip,M
Taliye,F
Talu,M
Taluy,M
Taluyhan,M
Talât,U
Tamal,M
Tamam,F
Tamar,M
Tamay,U
Tamaydın,M
Tamer,M
Tamerk,M
Tamgül,F
Tamkan,M
Tamkoç,M
Tamkurt,M
Tamkut,M
Tamtürk,M
Tamçelik,M
Tan,U
Tanak,M
Tanal,U
Tanalp,M
Tanaltan,M
Tanaltay,M
Tanay,U
Tanaydın,U
Tanaçan,M
Tanaçar,M
Tanağar,M
Tanbay,M
Tanbek,M
Tanberk,M
Tanbey,M
Tanbolat,M
Tanboğa,M
Tancan,M
Tandan,F
Tandoruk,M
Tandoğan,M
Tandoğdu,M
Tandoğmuş,M
Tanegül,F
Tanel,M
Tanelgin,F
Taner,U
Tanerk,M
Tanfer,M
Tangör,U
Tangül,F
Tangülü,F
Tangün,U
Tangüner,M
Tangüç,M
Tanhan,M
Tanhatun,F
Tanju,U
Tankan,M
Tankoç,M
Tankurt,M
Tankut,U
Tankutlu,M
Tanla,M
Tanlak,M
Tanman,M
Tanpınar,M
Tanrıkorur,M
Tanrıkul,M
Tanrıkulu,M
Tanrıöver,M
Tansal,M
Tansan,M
Tansel,U
Tanseli,F
Tansen,M
Tanser,U
Tanses,F
Tansev,U
Tanseven,M
Tansever,M
Tansoy,M
Tansu,U
Tansuk,M
Tansuğ,M
Tansı,M
Tansık,M
Tansığ,M
Tantuğ,M
Tantürk,M
Tanuğur,M
Tanver,M
Tanyel,U
Tanyeli,U
Tanyer,U
Tanyeri,U
Tanyol,U
Tanyolaç,M
Tanyolu,U
Tanyu,U
Tanyücel,M
Tanyüz,U
Tanyıldız,U
Tanzer,U
Tanören,M
Tanık,M
Tanın,M
Tanır,M
Tanırcan,M
Tanırer,M
Tanış,M
Tapduk,M
Tapgaç,M
Taplı,M
Taptuk,M
Tapık,M
Tapınç,M
Tarancı,M
Tardu,M
Tarduk,M
Targan,M
Tarhan,M
Tarhun,M
Tarik,M
Tarkan,M
Tarman,M
Tartış,M
Taru,M
Tarçın,F
Tarı,M
Tarık,M
Tarım,U
Tarıman,M
Tarımbike,F
Tarımer,M
Tasvir,F
Tatar,M
Tatarhan,M
Tatarkan,M
Tatlı,F
Tatu,U
Tav,M
Tavgaç,M
Tavlan,M
Tavlı,M
Tavus,F
Tavuş,M
Tay,M
Taya,F
Tayak,M
Tayanç,M
Tayaydın,M
Taybars,M
Taybek,M
Tayberk,M
Tayboğa,M
Taycan,M
Taydaş,M
Taydemir,M
Tayfun,M
Tayfur,M
Taygan,M
Taygun,M
Tayguner,M
Tayhan,M
Taykara,M
Taykoç,M
Taykurt,M
Taykut,M
Tayla,M
Taylak,M
Taylan,U
Taylaner,M
Tayman,M
Taymaz,M
Taypars,M
Tayuk,M
Tayyar,M
Tayyibe,F
Tayyip,M
Taze,F
Tazegül,F
Taç,U
Taçeser,F
Taçkın,M
Taçlı,F
Taçlıyıldız,F
Taçnur,F
Tağ,M
Tağalp,M
Tağar,M
Tağay,M
Tağman,M
Taşan,U
Taşar,M
Taşboğa,M
Taşbudak,M
Taşcan,M
Taşdemir,M
Taşdöven,M
Taşel,M
Taşer,M
Taşgan,M
Taşhan,M
Taşkan,M
Taşkent,M
Taşkın,M
Taşkınel,M
Taşkıner,M
Taşkıran,M
Taştan,M
Taştekin,M
Teber,M
Teberdar,M
Teberhun,M
Teberrük,F
Tebessüm,F
Tebrik,M
Tecelli,U
Tecen,M
Tecer,U
Teceren,M
Tecim,M
Tecimen,M
Tecimer,M
Tecir,M
Tedü,M
Tegin,M
Tek,M
Tekal,M
Tekalp,M
Tekant,M
Tekay,M
Tekbay,M
Tekbek,M
Tekbey,M
Tekbir,M
Tekcan,M
Tekdoğan,M
Teke,M
Tekebay,M
Tekebaş,M
Tekebey,M
Tekecan,M
Teker,M
Tekeş,M
Tekgül,F
Tekil,M
Tekin,M
Tekinal,M
Tekinalp,M
Tekinay,M
Tekindağ,M
Tekinel,M
Tekiner,M
Tekinhan,M
Tekinsoy,M
Tekir,M
Tekiz,M
Tekiş,M
Tekmil,M
Tekmile,F
Teknur,F
Tekok,M
Tekol,M
Teksen,U
Teksoy,M
Tekyay,M
Tekçe,M
Teköktem,M
Teköz,M
Teközer,M
Tekün,M
Tekünlü,M
Telek,U
Telim,M
Telimer,M
Telli,U
Tellibey,M
Telmize,F
Telvin,F
Temel,M
Temelli,M
Temenni,F
Temime,F
Temir,M
Temirbay,M
Temircan,M
Temirhan,M
Temirkan,M
Temirkut,M
Temirtaş,M
Temiz,U
Temizalp,M
Temizcan,M
Temizel,M
Temizer,M
Temizhan,M
Temizkal,M
Temizkan,M
Temizol,M
Temizsan,M
Temizsoy,M
Temizöz,M
Temre,F
Temren,M
Temuçin,M
Temürhan,M
Temürlenk,M
Temürşah,M
Tenay,F
Tendü,U
Tendübay,M
Tendürek,M
Tengir,M
Tengiz,M
Tengizalp,M
Tenigül,F
Tennur,F
Tennure,F
Tenvir,M
Teoman,M
Tepedelen,M
Tepegöz,M
Tepel,M
Tepir,M
Tercan,U
Terek,M
Terem,M
Terim,U
Terken,F
Terlan,M
Tetik,M
Tetiker,M
Tevekkül,M
Tevfik,M
Tevfika,F
Tevhiddin,M
Tevhide,F
Tevhit,M
Tevil,M
Tevir,M
Tevrat,F
Tevs,M
Tevsen,M
Teymur,M
Tez,M
Tezal,M
Tezalp,M
Tezay,U
Tezcan,U
Tezcanlı,M
Tezel,U
Tezelli,M
Tezer,U
Tezeren,M
Tezerol,M
Tezgül,F
Tezkan,U
Tezok,M
Tezol,M
Tezveren,M
Teşrif,M
Teşrife,F
Tibet,M
Ticen,F
Tijen,F
Tilbe,F
Tilmaç,M
Timur,M
Timurcan,M
Timurhan,M
Timurkan,M
Timurlenk,M
Timurtaş,M
Timuröz,M
Timuçin,M
Tin,M
Tiner,M
Tinkut,M
Tipi,M
Tiraje,F
Titiz,U
Titizer,M
Tiğin,M
Tok,M
Tokal,M
Tokalan,M
Tokalp,M
Tokay,M
Tokcan,M
Tokdemir,M
Tokel,M
Toker,M
Tokgöz,M
Tokhan,M
Tokkan,M
Tokta,M
Toktahan,M
Toktamış,M
Toktaş,M
Toktimur,M
Toktuğ,M
Toku,M
Tokuz,M
Tokuzer,M
Tokuztuğ,M
Tokuş,M
Tokuşhan,M
Tokyay,M
Tokyürek,M
Tokyüz,M
Toköz,M
Tola,U
Tolay,M
Tolga,M
Tolgahan,M
Tolgan,M
Tolgay,M
Tolgunay,U
Tolon,M
Tolonay,M
Tolonbay,M
Tolun,M
Tolunay,M
Tolunbay,M
Tolunbike,F
Toluntiğin,M
Tomris,F
Tomurcuk,F
Tongal,M
Tongar,M
Tongur,M
Tonguç,M
Topa,M
Topak,M
Topay,U
Topaz,F
Topaç,M
Topdemir,M
Topel,M
Toper,M
Toprak,U
Topuz,M
Topçam,M
Topçay,M
Tor,M
Toralp,M
Toraman,M
Toran,M
Torcan,M
Torel,M
Torgay,M
Torhan,M
Torkal,M
Torkan,M
Torlak,M
Toros,M
Torumtay,M
Torun,M
Tosun,M
Tosunbey,M
Totuk,M
Toy,M
Toyboğa,M
Toycan,M
Toydemir,M
Toydeniz,M
Toygar,M
Toygun,M
Toyka,M
Tozan,M
Tozun,M
Toğan,M
Toğay,M
Toğuş,M
Tuba,F
Tufan,M
Tugay,M
Tuhfe,U
Tulca,F
Tulga,M
Tulgar,M
Tuluk,M
Tulum,M
Tulun,M
Tulû,U
Tulûi,M
Tuman,M
Tumay,M
Tun,M
Tuna,U
Tunacan,M
Tunaer,M
Tunahan,U
Tunakan,M
Tunay,M
Tunca,U
Tuncal,M
Tuncalp,M
Tuncay,U
Tuncel,M
Tuncer,M
Tunga,M
Tunguç,M
Tunç,M
Tunçal,M
Tunçalp,M
Tunçalın,M
Tunçaral,M
Tunçaslan,M
Tunçay,M
Tunçbay,M
Tunçbilek,M
Tunçboğa,M
Tunçbörü,M
Tunçdemir,M
Tunçel,M
Tunçer,M
Tunçhan,M
Tunçkan,M
Tunçkaya,M
Tunçkol,M
Tunçkurt,M
Tunçkılıç,M
Tunçok,M
Tunçsoy,M
Tunçtan,M
Tunçtürk,M
Tunççağ,M
Tunçöven,M
Tur,M
Tura,M
Tural,M
Turalp,M
Turan,M
Turatekin,M
Turay,M
Turaç,U
Turbay,M
Turcan,M
Turfa,F
Turgay,M
Turgut,M
Turhan,M
Turhatun,F
Turkan,M
Turna,F
Tutel,M
Tuter,M
Tuti,F
Tutku,M
Tutkun,U
Tutu,M
Tutuhan,M
Tutuk,M
Tutun,M
Tutuş,M
Tuvana,U
Tuyan,M
Tuygun,M
Tuyuk,M
Tuyuğ,M
Tuz,M
Tuzer,M
Tuğ,M
Tuğal,M
Tuğalp,M
Tuğaltan,M
Tuğaltay,M
Tuğba,F
Tuğbay,M
Tuğcu,M
Tuğhan,M
Tuğkan,M
Tuğkun,M
Tuğlu,M
Tuğluk,M
Tuğra,M
Tuğrul,M
Tuğrultekin,M
Tuğsan,M
Tuğsav,M
Tuğsavaş,M
Tuğsavul,M
Tuğsavun,M
Tuğsel,M
Tuğser,M
Tuğtay,M
Tuğtaş,M
Tuğtekin,M
Tuğyan,U
Tuğçe,F
Tökel,M
Tölek,M
Tömek,M
Tör,M
Töre,U
Töregün,M
Törehan,M
Törel,M
Töreli,M
Tören,M
Törü,M
Törüm,M
Töz,M
Tözüm,M
Tüblek,M
Tükel,M
Tükelalp,M
Tükelay,M
Tülay,F
Tülcan,F
Tülek,M
Tülen,F
Tülin,F
Tülinay,F
Tülün,F
Tümay,U
Tümbay,M
Tümcan,U
Tümel,M
Tümen,M
Tümenbay,M
Tümenboğa,M
Tümer,M
Tümerdem,M
Tümerk,M
Tümerkan,M
Tümerkin,M
Tümhan,M
Tümkal,M
Tümkan,M
Tümkor,M
Tümkoç,M
Tümkurt,M
Tümkut,M
Tün,F
Tünak,M
Tünal,M
Tünay,U
Tünaydın,U
Tüner,M
Tüney,M
Tüngür,F
Türabi,M
Türe,M
Türehan,M
Türek,M
Türel,M
Türeli,M
Türemen,M
Türev,M
Türgün,M
Türk,M
Türkalp,M
Türkaslan,M
Türkay,U
Türkcan,M
Türkdoğan,M
Türkdoğdu,M
Türker,U
Türkili,M
Türkine,F
Türkiye,F
Türkiz,U
Türkkan,M
Türkmen,U
Türknur,F
Türkol,M
Türkoğlu,M
Türksan,M
Türksel,U
Türkyılmaz,M
Türkân,F
Türköz,M
Türkü,F
Türkşen,M
Tüze,U
Tüzeer,M
Tüzel,U
Tüzemen,M
Tüzenur,F
Tüzmen,M
Tüzün,U
Tüzünalp,M
Tüzüner,U
Tüzünkan,U
Tüzüntürk,U
Tıflıgül,F
Tın,M
Tınal,M
Tınaz,M
Ubeyde,F
Ubeydullah,M
Ubeyt,M
Uca,M
Ucaer,M
Ucatekin,M
Uflaz,M
Ufuk,U
Ufukay,U
Ufukdeniz,M
Ufuktan,M
Ugan,M
Uguz,M
Uhuvvet,M
Ukuş,M
Ulak,M
Ulakbey,M
Ulam,M
Ular,M
Ulaç,M
Ulaçhan,M
Ulaçkan,M
Ulaş,M
Ulcan,M
Ulcay,U
Uldız,M
Ulu,M
Ulualp,M
Uluant,M
Ulubay,M
Ulubaş,M
Ulubek,M
Uluberk,M
Ulubey,M
Uluca,M
Ulucan,M
Uludağ,M
Uludoğan,M
Uluer,M
Uluerkan,M
Ulufer,F
Uluhan,M
Ulukaan,M
Ulukan,M
Ulukaya,M
Ulukut,M
Ulum,M
Uluman,M
Ulumeriç,M
Ulun,U
Ulunay,U
Ulus,M
Ulusal,M
Ulusan,M
Ulusoy,M
Ulusu,M
Ulutan,M
Ulutay,M
Ulutaş,M
Ulutekin,M
Ulutürk,M
Uluç,M
Uluçam,M
Uluçağ,M
Uluçkan,M
Uluöz,M
Uluğ,M
Uluğbey,M
Uluşahin,M
Uluşan,M
Ulvi,M
Ulviye,F
Ulya,F
Uma,M
Umak,M
Uman,M
Umar,U
Umay,F
Umaç,M
Umdu,M
Umman,U
Umnise,F
Umran,U
Umu,M
Umur,M
Umural,M
Umuralp,M
Umurbay,M
Umurbey,M
Umut,U
Umutlu,U
Unan,M
Unat,M
Ungan,M
Ur,M
Ural,M
Uralp,M
Uraltan,M
Uraltay,M
Uram,M
Uran,M
Uras,M
Uraz,M
Uraza,M
Urazlı,M
Urbeyi,M
Urgun,M
Urhan,M
Urkan,M
Urluk,M
Uruk,M
Urun,M
Urundu,M
Urungu,M
Uruz,M
Uruş,M
Urı,M
Us,M
Usal,M
Usalan,M
Usalp,M
Usbay,M
Usberk,M
Usbey,M
User,M
Ushan,M
Uskan,M
Uslu,U
Usluer,M
Usman,M
Usta,M
Usuk,M
Usum,M
Usun,F
Usunbike,F
Utkan,M
Utku,U
Utman,M
Uyar,M
Uyaralp,M
Uyarel,M
Uyarer,M
Uygan,M
Uygar,M
Uygu,M
Uygun,M
Uygunel,M
Uyguner,M
Uygur,U
Uyguralp,M
Uysal,U
Uytun,M
Uz,M
Uzalp,M
Uzay,U
Uzbay,M
Uzcan,M
Uzel,M
Uzer,M
Uzgören,M
Uzhan,M
Uzkan,M
Uzman,M
Uzmen,M
Uzsan,M
Uzsoy,M
Uztan,M
Uztav,M
Uztay,M
Uztaş,M
Uztekin,M
Uztürk,M
Uç,M
Uça,M
Uçan,M
Uçanay,M
Uçanok,M
Uçantekin,M
Uçantürk,M
Uçar,M
Uçarer,M
Uçarlı,M
Uçay,M
Uçbay,M
Uçbeyi,M
Uçhan,M
Uçkan,M
Uçkara,M
Uçkun,U
Uçma,M
Uçmak,U
Uçman,M
Uçuk,M
Uçur,U
Uğan,U
Uğanbike,F
Uğur,U
Uğural,M
Uğuralp,M
Uğurata,M
Uğuray,U
Uğurcan,U
Uğurel,M
Uğurhan,M
Uğurlu,U
Uğurlubay,M
Uğurlubey,M
Uğurol,M
Uğursal,U
Uğursan,M
Uğursay,M
Uğursel,U
Uğurser,F
Uğursoy,U
Uğurtan,U
Uğurtay,M
Uğut,M
Uğuz,M
Uğuş,U
Uşak,M
Vacibe,F
Vacide,F
Vacip,M
Vacit,M
Vafi,M
Vafir,M
Vafit,M
Vaha,M
Vahap,M
Vahdet,M
Vahdettin,M
Vahibe,F
Vahide,F
Vahip,M
Vahit,M
Vahittin,M
Vaiz,M
Vakkas,M
Vakur,M
Valide,F
Vamık,M
Vamıka,F
Varal,M
Varaş,M
Vardar,M
Vargın,M
Varlık,U
Varol,M
Vasfi,M
Vasfiye,F
Vassaf,M
Vasıf,M
Vasıl,M
Vasıla,F
Vatan,M
Vataner,M
Vecahet,F
Vecahettin,M
Vecdet,M
Vecdi,M
Vechi,M
Vechiye,F
Vecibe,F
Vecih,M
Veciha,F
Vecihe,F
Vecihi,M
Vecit,M
Veda,F
Vedat,M
Vedi,M
Vedia,F
Vedide,F
Vedit,M
Vefa,U
Vefai,M
Vefakâr,F
Vefi,M
Vefia,F
Vefik,M
Vefika,F
Vefki,M
Vehbi,M
Vehbiye,F
Vehip,M
Vekil,M
Velet,M
Veli,M
Velican,M
Velide,F
Velit,M
Veliye,F
Veliyullah,M
Veliyüddin,M
Venüs,F
Veral,M
Verda,F
Verdinaz,F
Verdî,M
Vergi,M
Vergili,M
Vergin,M
Verim,M
Verşan,M
Vesamet,U
Vesik,M
Vesim,M
Veyis,M
Veysel,M
Veysi,M
Vicdan,U
Vicdani,M
Vildan,F
Visali,M
Visam,M
Volkan,M
Vural,M
Vurgun,M
Vuslat,F
Vâkıf,M
Vâlâ,U
Vâlâşan,M
Yabalak,M
Yaban,M
Yabar,M
Yabgu,M
Yabız,M
Yada,U
Yadacı,M
Yadigâr,U
Yafes,M
Yahya,M
Yahşi,U
Yahşibay,M
Yahşiboğa,M
Yahşihan,M
Yahşikan,M
Yahşitay,M
Yakup,M
Yakut,U
Yalabuk,M
Yalap,M
Yalav,U
Yalavaç,M
Yalaz,M
Yalaza,F
Yalazabay,M
Yalazahan,M
Yalazakan,M
Yalazalp,M
Yalazan,U
Yalazay,U
Yaldırak,M
Yaldırım,M
Yaldız,F
Yalgı,M
Yalgın,M
Yalgınay,M
Yalkı,M
Yalkın,M
Yalman,M
Yalmaç,M
Yalt,M
Yaltır,M
Yaltırak,U
Yaltıray,U
Yalvaç,M
Yalçuk,U
Yalçın,M
Yalçıner,M
Yalçınkaya,M
Yalım,M
Yalın,U
Yalınalp,M
Yalınay,U
Yaman,M
Yamaner,M
Yamansoy,M
Yamantürk,M
Yamanyiğit,M
Yamanöz,M
Yamaç,M
Yamçı,M
Yanal,M
Yanar,M
Yanaç,M
Yanbek,M
Yanbey,M
Yandil,M
Yangâr,M
Yankı,U
Yanık,M
Yanıker,M
Yapalak,M
Yaprak,F
Yapıncak,F
Yararer,M
Yaraşık,U
Yardak,M
Yargan,M
Yargı,M
Yarkan,M
Yarkaya,M
Yarkın,U
Yarluk,M
Yarlık,M
Yarpuz,F
Yaruk,M
Yasa,M
Yasan,M
Yasavul,M
Yasemin,F
Yaser,M
Yasin,M
Yasun,M
Yatman,M
Yatuk,M
Yavaş,M
Yaver,M
Yavuz,M
Yavuzalp,M
Yavuzay,M
Yavuzbay,M
Yavuzboğa,M
Yavuzcan,M
Yavuzer,M
Yavuzhan,M
Yavuzsoy,M
Yay,M
Yayak,M
Yayalp,M
Yaybörü,M
Yaybüke,M
Yaygır,M
Yayla,U
Yaylagül,F
Yaylak,M
Yazan,M
Yazar,M
Yazgan,M
Yazganalp,M
Yazgül,F
Yazgülü,F
Yazgı,M
Yazık,M
Yazır,M
Yağan,U
Yağmanaz,F
Yağmur,U
Yağmurca,M
Yağın,M
Yağınalp,M
Yağısıyan,M
Yağız,M
Yağızalp,M
Yağızbay,M
Yağızboğa,M
Yağızer,M
Yağızhan,M
Yağızkan,M
Yağızkurt,M
Yağıztekin,M
Yağış,F
Yaşa,M
Yaşam,U
Yaşanur,U
Yaşar,U
Yaşartürk,M
Yaşdaş,M
Yaşlak,M
Yaşık,U
Yaşıl,F
Yaşın,U
Yaşıyan,F
Yedier,M
Yediger,M
Yediveren,F
Yegâh,F
Yegân,M
Yegâne,F
Yekta,U
Yel,M
Yelal,M
Yelbay,M
Yelboğa,M
Yelda,F
Yeldan,M
Yelen,M
Yeler,M
Yelesen,M
Yeleser,M
Yeliz,F
Yeltekin,M
Yemen,M
Yenal,M
Yenay,M
Yenel,M
Yenen,M
Yener,U
Yeneral,M
Yenerol,M
Yengi,M
Yenigül,F
Yenin,M
Yenisu,M
Yenisü,M
Yepelek,F
Yerel,M
Yergin,M
Yerik,M
Yersel,M
Yertan,M
Yesari,M
Yesügey,M
Yeten,M
Yetener,M
Yeter,U
Yeterkız,F
Yetik,M
Yetim,M
Yetiş,M
Yetişal,M
Yetişen,M
Yetkin,U
Yetkiner,M
Yezdan,M
Yeğin,M
Yeğiner,M
Yeğrek,M
Yeşil,U
Yeşim,F
Yeşne,U
Yinanç,M
Yipek,F
Yiğit,M
Yiğitcan,M
Yiğitel,M
Yiğiter,M
Yiğithan,M
Yiğitkan,M
Yola,M
Yolal,M
Yolaç,M
Yolbul,M
Yoldaş,M
Yoma,M
Yomut,M
Yonca,F
Yordam,M
Yordamlı,M
Yoruç,M
Yosma,F
Yosun,U
Yoğun,M
Yoğunay,M
Yula,M
Yuluğ,M
Yumlu,M
Yumuk,F
Yumuş,M
Yunt,M
Yunus,M
Yura,M
Yurdaal,F
Yurdaay,M
Yurdacan,M
Yurdaer,M
Yurdagül,F
Yurdakul,U
Yurdal,M
Yurdanur,U
Yurdaser,F
Yurdatap,F
Yurday,F
Yurdaşen,U
Yurdum,F
Yurdusev,U
Yurduşen,M
Yurt,U
Yurtal,M
Yurtbay,M
Yurtcan,M
Yurter,M
Yurtgüven,M
Yurtkulu,M
Yurtkuran,M
Yurtman,M
Yurtsal,M
Yurtsan,U
Yurtsay,F
Yurtsev,U
Yurtseven,U
Yurtsever,U
Yurtsevil,F
Yurtsevin,F
Yurttaş,M
Yusuf,M
Yâr,F
Yârcan,F
Yâren,M
Yârıdil,F
Yön,M
Yönal,U
Yöner,M
Yönet,M
Yönetken,M
Yönetmen,M
Yöntem,M
Yörük,M
Yüce,U
Yücealp,M
Yücebaş,M
Yücedağ,M
Yüceer,M
Yücel,U
Yücelay,M
Yücelen,U
Yücelt,M
Yücelten,M
Yücenur,F
Yücesan,M
Yücesoy,M
Yücetekin,M
Yücetürk,M
Yüksel,U
Yükselen,F
Yülük,M
Yümni,M
Yümniye,F
Yümun,M
Yürekli,M
Yürük,M
Yürüker,M
Yüzüak,M
Yüğrük,M
Yıbar,M
Yılay,F
Yılbay,M
Yıldanur,F
Yıldıku,F
Yıldır,M
Yıldıralp,M
Yıldıran,M
Yıldıraner,M
Yıldıray,M
Yıldırer,M
Yıldırım,M
Yıldız,F
Yıldızhan,U
Yılgül,F
Yılgün,F
Yılhan,M
Yılkan,M
Yılma,M
Yılmaz,M
Yılmazok,M
Yılşen,F
Yıpar,U
Zabit,M
Zade,M
Zafer,U
Zafir,M
Zafire,F
Zahide,F
Zahir,M
Zahire,F
Zahit,M
Zaide,F
Zaik,M
Zaika,F
Zaim,M
Zait,M
Zaki,M
Zakir,M
Zakire,F
Zaman,M
Zambak,F
Zamir,M
Zamire,F
Zarif,U
Zarife,F
Zati,M
Zatinur,F
Zatiye,F
Zağnos,M
Zebercet,F
Zehra,F
Zekeriya,M
Zeki,M
Zekire,F
Zekiye,F
Zekâi,M
Zekâvet,F
Zeliha,F
Zemin,M
Zemzem,F
Zengin,M
Zennişan,F
Zennur,F
Zerafet,F
Zerefşan,F
Zeren,U
Zergûn,F
Zeria,F
Zerin,M
Zernişan,F
Zerrin,F
Zerrinkâr,F
Zerrintaç,F
Zerrişte,F
Zeycan,M
Zeyneddin,M
Zeynel,M
Zeynelabidin,M
Zeynep,F
Zeyni,M
Zeyniye,F
Zeyno,F
Zeynullah,M
Zeynur,M
Zeyrek,M
Zeyyat,M
Ziba  ,F
Zican,F
Zihni,M
Zihniye,F
Zikir,M
Zikri,M
Zikrullah,M
Zinet,F
Zinnur,M
Zinnure,F
Ziver,U
Ziya,M
Ziyaeddin,M
Ziyaettin,M
Ziyafet,F
Ziyat,M
Ziynet,F
Ziyneti,F
Ziynetullah,M
Zişan,U
Zobu,M
Zoral,M
Zorbey,M
Zorlu,M
Zuhal,F
Zuhur,M
Zuhuri,M
Zübeyde,F
Zübeyr,M
Zühal,F
Zühdi,M
Züheyr,M
Zühre,F
Zühtiye,F
Zühtü,M
Züleyha,F
Zülfi,M
Zülfibar,F
Zülfikar,M
Zülfiyar,F
Zülfiye,F
Zülfizar,F
Zülfü,M
Zülfübar,F
Zülfüyar,F
Zülfüye,F
Zülfüzar,F
Zülkarneyn,M
Zülkif,M
Zülküf,M
Zülâl,F
Zümra,F
Zümrüt,F
Zürriyet,M
Âdem,M
Âlem,M
Âlemtap,F
Âlemşah,U
Âsan,F
Âsiye,F
Âtik,F
Âtike,F
Âtiye,F
Âzim,M
Âzime,F
Âşık,M
Çaba,M
Çabar,M
Çadır,M
Çakan,M
Çakar,M
Çakmak,M
Çakman,M
Çakmur,M
Çakıl,M
Çakım,M
Çakın,M
Çakır,U
Çakırbey,M
Çakırca,M
Çakırer,M
Çalapkulu,M
Çalapverdi,M
Çalapöver,M
Çalgan,M
Çalkan,M
Çalkara,M
Çalkın,M
Çaltı,M
Çalıkbey,M
Çalıkuşu,F
Çalım,U
Çalın,M
Çalış,M
Çalışkan,U
Çam,M
Çamak,M
Çambel,M
Çamer,M
Çamok,M
Çandar,M
Çandarlı,M
Çanga,M
Çangal,M
Çankara,M
Çankaya,M
Çapan,M
Çapaner,M
Çapar,M
Çapkan,M
Çapın,M
Çarlan,M
Çarman,M
Çav,M
Çavaş,M
Çavdar,M
Çavdur,M
Çavlan,M
Çavlı,M
Çavuldur,M
Çavuş,M
Çaydam,M
Çaydamar,M
Çayhan,M
Çaykara,M
Çaylak,M
Çaylan,U
Çaynak,M
Çağ,M
Çağa,M
Çağakan,M
Çağan,M
Çağanak,M
Çağatay,M
Çağay,M
Çağaçan,M
Çağaçar,M
Çağbay,M
Çağdaş,U
Çağkan,M
Çağla,U
Çağlak,U
Çağlam,M
Çağlan,M
Çağlar,U
Çağlasın,U
Çağlayan,U
Çağlayangil,M
Çağlayantürk,M
Çağlı,M
Çağman,M
Çağnur,F
Çağrı,U
Çağrıbey,M
Çağrınur,F
Çağveren,M
Çağıl,U
Çağıltı,M
Çağın,U
Çağır,M
Çeber,M
Çekik,M
Çekim,M
Çekin,M
Çelebi,M
Çelem,M
Çelen,M
Çelenk,M
Çelik,M
Çelikbaş,M
Çelikbilek,M
Çelikel,M
Çeliker,M
Çelikhan,M
Çelikiz,M
Çelikkan,M
Çelikkanat,M
Çelikkaya,M
Çelikkol,M
Çeliksu,M
Çeliktan,M
Çeliktaş,M
Çelikten,M
Çeliktürk,M
Çelikyay,M
Çelikyürek,M
Çeliköz,M
Çelim,M
Çeltik,M
Çender,M
Çengiz,M
Çepni,M
Çeri,M
Çerkez,M
Çerme,M
Çerçi,M
Çetik,M
Çetin,M
Çetinalp,M
Çetinay,M
Çetinel,M
Çetiner,M
Çetinkaya,M
Çetinok,M
Çetinsoy,M
Çetinsu,M
Çetintaş,M
Çetintürk,M
Çetinyiğit,M
Çetinöz,M
Çevik,M
Çevikcan,M
Çevikel,M
Çeviker,M
Çeviköz,M
Çevrim,M
Çeyiz,F
Çeçen,M
Çeşminaz,F
Çiftçi,M
Çilek,F
Çilen,F
Çilenti,F
Çiler,F
Çilhan,F
Çilhanım,F
Çiltay,M
Çimen,F
Çimnaz,F
Çin ,M
Çinel,U
Çiner,M
Çinerk,M
Çingiz,M
Çinkılıç,M
Çintan,M
Çintay,M
Çinuçin,M
Çiray,M
Çisen,F
Çisil,F
Çitlembik,F
Çiçek,F
Çiğdem,F
Çiğil,M
Çiğlez,M
Çoban,M
Çobanyıldızı,F
Çokan,M
Çokar,M
Çokay,M
Çoker,M
Çokman,M
Çoku,M
Çolak,M
Çolpan,U
Çopar,M
Çopur,M
Çopuralp,M
Çora,M
Çorak,M
Çotuk,M
Çotur,M
Çoturay,M
Çoğa,M
Çoğahan,M
Çoğan,M
Çoğay,M
Çoğaş,M
Çulpan,M
Çuvaş,M
Çuğa,M
Çökermiş,M
Çölbey,M
Çöyür,M
Çıda,M
Çıdal,M
Çıdam,M
Çıdamlı,M
Çınak,M
Çınar,U
Çınay,M
Çıngı,M
Çıray,M
Çıtak,M
Çıtanak,M
Çıvgın,M
Çığ,M
Çığa,M
Çığal,M
Çığıl,M
Çığır,U
Öbek,M
Öcal,M
Ödül,U
Öge,U
Ögeday,M
Öger,M
Öget,U
Ögetürk,M
Ök,M
Öke,U
Ökeer,M
Ökelik,M
Öker,M
Ökkeş,M
Öklü,M
Ökmen,M
Ökmener,M
Ökte,M
Öktem,M
Öktemer,M
Ökten,M
Öktener,M
Öktürk,M
Ölen,M
Ölmez,U
Ölmezbey,M
Ölçüm,M
Ölçün,M
Ömer,M
Ömür,U
Ömüral,M
Ömürcan,U
Ömürlü,F
Önad,M
Önal,U
Önalan,M
Önay,U
Önaydın,M
Öncel,U
Öncü,M
Öncübay,M
Öncüer,M
Önder,U
Önderol,M
Öndeş,M
Öndünç,M
Önel,M
Önemli,M
Önen,M
Öner,U
Öneri,M
Öney,U
Öneş,M
Öngay,M
Öngel,M
Öngen,M
Öngör,M
Öngören,M
Öngü,M
Öngül,U
Öngün,M
Öngüt,M
Öniz,U
Önkal,M
Önnur,F
Önol,M
Önsal,M
Önsav,M
Önsel,M
Önsoy,M
Öntaş,M
Önür,M
Ören,U
Örenel,M
Örengül,F
Örfi,M
Örfiye,F
Örge,F
Örgen,M
Örik,M
Örnek,U
Örs,M
Örsan,M
Örsay,M
Örsel,M
Örskan,M
Örtan,M
Örtay,M
Örtaş,M
Öryürek,M
Örük,M
Örün,U
Öründü,M
Örüner,M
Ötleğen,F
Ötnü,M
Ötüken,M
Ötün,M
Övet,M
Öveç,M
Övgü,U
Övgül,F
Övgün,F
Övgünç,F
Övül,U
Övün,U
Övünal,M
Övünç,U
Öykü,F
Öymen,M
Öz,F
Özak,U
Özakan,M
Özakar,M
Özakay,M
Özaktuğ,M
Özakın,M
Özakıncı,M
Özal,U
Özalp,M
Özalpman,M
Özalpsan,M
Özaltan,U
Özaltay,M
Özaltuğ,M
Özaltın,U
Özan,U
Özant,F
Özarda,M
Özark,M
Özarkın,M
Özarı,M
Özaslan,M
Özata,M
Özatay,M
Özay,U
Özaydın,U
Özayhan,M
Özaytan,F
Özbal,U
Özbala,M
Özbatu,M
Özbay,M
Özbaydar,M
Özbağ,M
Özbaş,M
Özbaşak,F
Özbek,U
Özbekkan,M
Özben,U
Özberk,M
Özbey,M
Özbil,U
Özbilek,U
Özbilen,U
Özbilge,U
Özbilgin,M
Özbilir,U
Özbir,M
Özboğa,M
Özcan,U
Özcanan,F
Özcebe,M
Özdal,U
Özdamar,M
Özdağ,M
Özdek,M
Özdel,M
Özdemir,M
Özden,U
Özdener,U
Özderen,F
Özdeğer,M
Özdeş,U
Özdil,M
Özdilek,U
Özdilmaç,M
Özdinç,M
Özdinçer,M
Özdoru,M
Özdoruk,M
Özdoğa,M
Özdoğal,M
Özdoğan,M
Özdoğdu,M
Özdoğmuş,M
Özdoğru,M
Özduran,M
Özdurdu,M
Özduru,M
Özdurul,M
Özdurum,M
Özek,M
Özekan,M
Özel,U
Özen,U
Özenay,F
Özender,M
Özengin,M
Özengül,F
Özenir,F
Özenli,F
Özenç,U
Özer,U
Özercan,M
Özerdal,M
Özerdem,M
Özerdim,M
Özerdinç,M
Özerek,M
Özerhan,M
Özerinç,M
Özerk,M
Özerkin,M
Özerkmen,M
Özerman,M
Özerol,M
Özertan,M
Özertem,M
Özge,U
Özgebay,M
Özgeci,M
Özgeer,M
Özgen,U
Özgenalp,M
Özgenay,M
Özgener,M
Özgenç,M
Özger,M
Özgiray,M
Özgü,U
Özgül,F
Özgülay,F
Özgüleç,M
Özgülüm,F
Özgün,U
Özgünay,M
Özgünel,F
Özgüner,M
Özgüney,F
Özgüneş,U
Özgür,U
Özgürcan,M
Özgürel,M
Özgüven,M
Özgüç,M
Özhakan,M
Özhan,M
Özil,U
Özilhan,M
Özilter,M
Özinal,M
Özinan,U
Özipek,F
Öziş,F
Özkal,M
Özkan,M
Özkar,M
Özkaya,M
Özkayra,M
Özke,M
Özkent,M
Özker,M
Özkerman,M
Özkoç,M
Özkul,M
Özkula,M
Özkurt,M
Özkut,U
Özkutal,M
Özkutay,M
Özkutlu,M
Özkutsal,M
Özkök,M
Özkın,M
Özkınal,M
Özkınay,M
Özlek,M
Özlem,F
Özlen,U
Özlenen,F
Özler,U
Özleyiş,F
Özlü,U
Özlüer,M
Özlütürk,M
Özman,M
Özmen,U
Özmert,M
Özmut,M
Öznil,F
Öznur,U
Özok,M
Özoktay,M
Özokçu,M
Özol,M
Özozan,M
Özoğul,M
Özoğuz,M
Özpala,M
Özpeker,M
Özpetek,U
Özpolat,M
Özpulat,M
Özpınar,U
Özsan,U
Özsanlı,M
Özsel,U
Özselen,U
Özsevi,U
Özsoy,M
Özsu,U
Özsun,M
Özsungur,M
Özsözlü,M
Özsü,M
Özsüer,M
Özsüt,M
Öztan,M
Öztanır,M
Öztarhan,M
Öztay,M
Öztaylan,M
Öztaş,M
Öztek,M
Öztekin,M
Özten,F
Öztimur,M
Öztin,M
Öztinel,M
Öztiner,M
Öztoklu,M
Öztoygar,M
Öztuna,U
Öztunç,M
Öztürk,M
Özver,M
Özverdi,M
Özveren,M
Özveri,U
Özvermiş,M
Özyay,M
Özyurt,U
Özyuva,M
Özyörük,M
Özçam,M
Özçelik,M
Özçevik,M
Özçın,M
Özçınar,M
Özön,M
Özönder,M
Özöğe,M
Özü,M
Özüak,M
Özüdoğru,M
Özüm,U
Özün,U
Özüpek,M
Özütok,M
Özşahin,M
Özşan,M
Özşen,M
Öçal,M
Öğe,M
Öğet,M
Öğmen,M
Öğrünç,M
Öğün,U
Öğünç,M
Öğür,M
Öğüt,U
Öğütal,M
Öğüş,U
Öşme,F
Übeyd,M
Übeyde,F
Übeydullah,M
Übeyt,M
Übük,F
Üftade,F
Üge,U
Ügü,M
Üke,M
Ükkaşe,M
Ülez,M
Üleş,M
Ülfer,M
Ülfet,U
Ülgen,U
Ülgenalp,M
Ülgener,M
Ülger,U
Ülgü,M
Ülgür,F
Ülke,F
Ülkem,F
Ülken,M
Ülkenur,F
Ülker,U
Ülkü,F
Ülkücü,M
Ülküdeş,U
Ülkühan,F
Ülkülü,M
Ülküm,F
Ülkümen,M
Ülküsel,M
Ülkütan,M
Ülküye,F
Ülmen,M
Ümek,M
Ümit,U
Ümmet,M
Ümmiye,F
Ümmühan,F
Ümniye,F
Ümran,U
Ün,M
Ünal,U
Ünalan,M
Ünaldı,M
Ünalmış,M
Ünalp,M
Ünay,U
Ünek,M
Üner,M
Üngördü,M
Üngören,M
Üngörmüş,M
Üngün,M
Üngür,M
Ünkan,M
Ünkaya,M
Ünlem,M
Ünlen,M
Ünlü,U
Ünlüer,M
Ünlüol,M
Ünlüsoy,M
Ünsal,U
Ünsan,M
Ünsay,F
Ünsaç,U
Ünsel,F
Ünsev,U
Ünseven,U
Ünsever,U
Ünsevin,M
Ünsi,M
Ünsiye,F
Ünsoy,M
Üntürk,M
Ünver,U
Ünverdi,M
Ünveren,M
Ünvermiş,M
Ünyay,M
Ünzile,F
Ünübol,U
Ünüdeğer,M
Ünügür,M
Ünüvar,M
Ünüçok,M
Ürek,M
Ürem,M
Üren,M
Üresin,M
Ürgün,M
Ürkmez,M
Ürkün,M
Ürmegül,F
Ürpek,F
Ürper,F
Ürün,U
Ürünay,F
Üründü,M
Üründübay,M
Üs,M
Üsgen,M
Üstat,M
Üstay,M
Üstek,M
Üstel,M
Üster,M
Üstol,M
Üstün,M
Üstünbay,M
Üstüner,M
Üstüngü,M
Ütügen,M
Üveys,M
Üye,M
Üz,M
Üzek,M
Üzer,M
Üzeyir,M
Üçe,M
Üçel,U
Üçer,M
Üçgül,F
Üçkök,M
Üçok,M
Üçük,M
Üçışık,U
İba,F
İbad,M
İbadet,M
İbadullah,M
İbat,M
İbik,M
İbili,F
İbiş,M
İbo,M
İbrahim,M
İclâl,F
İdi,M
İdikurt,M
İdikut,M
İdil,F
İdris,M
İfakat,F
İffet,U
İhlâs,M
İhsan,U
İhvan,M
İhya,U
İkbal,U
İkiz,M
İklil,F
İklim,U
İkram,U
İkrami,M
İl,M
İlal,M
İlalan,M
İlaldı,M
İlalmış,M
İlarslan,M
İlay,F
İlayda,F
İlaydın,M
İlbars,M
İlbasan,M
İlbasmış,M
İlbastı,M
İlbay,M
İlbaş,M
İlbeg,M
İlbek,M
İlbey,M
İlbeyi,M
İlbike,F
İlbilge,U
İlbozan,M
İlbozdu,M
İlboğa,M
İlbudun,M
İlcan,M
İldem,M
İldemer,M
İldemir,M
İlden,F
İldeniz,U
İldeş,U
İlergin,M
İleri,M
İlerigün,M
İlgar,M
İlgazi,M
İlgi,U
İlgin,U
İlginay,F
İlginç,M
İlgü,U
İlgül,F
İlgün,U
İlham,M
İlhami,M
İlhan,M
İlig,M
İlim,M
İlimdar,M
İlkan,M
İlkay,U
İlkbahar,F
İlkbal,F
İlkcan,F
İlke,U
İlkehan,M
İlker,M
İlkgül,F
İlki,M
İlkim,U
İlkin,U
İlkiz,U
İlknaz,F
İlknur,F
İlksel,F
İlksen,F
İlksev,F
İlksoy,M
İlkut,M
İlkutay,M
İlkutlu,M
İlkyaz,F
İlkün,M
İlkünsal,M
İlkışık,F
İlkşen,F
İlmen,M
İlmiye,F
İlpars,M
İlsavaş,M
İlsavun,M
İlsev,M
İlseven,M
İlsever,M
İlsu,U
İltan,M
İltay,M
İltaş,M
İltekin,M
İltemir,M
İltemiz,M
İltemür,M
İlter,U
İlteriş,M
İltutmuş,M
İltüze,M
İltüzün,M
İlvan,M
İlyas,M
İlçi,M
İlşen,F
İmadettin,M
İmam,M
İmamettin,M
İman,M
İmat,M
İmbat,F
İmdat,M
İme,F
İmece,F
İmer,U
İmge,F
İmre,M
İmren,U
İnak,M
İnal,U
İnalbey,M
İnalcık,M
İnalkut,M
İnaltekin,M
İnan,U
İnanç,U
İnançlı,M
İnanöz,M
İnanır,M
İnayet,U
İnce,U
İncebay,M
İncebey,M
İncesu,M
İnci,F
İnciden,F
İncifem,F
İncifer,F
İncigül,F
İncilâ,F
İncilây,F
İncinur,F
İncisel,F
İnciser,F
İnkılâp,U
İnsaf,F
İnönü,M
İpar,F
İpek,F
İpekel,F
İpekten,F
İrem,F
İren,M
İrfan,U
İrfani,M
İrfaniye,F
İrfat,M
İrgün,F
İris,F
İrtek,M
İrşat,M
İsa,M
İsabet,F
İsen,F
İsenbike,F
İsenkutluğ,F
İsfendiyar,M
İshak,M
İskender,M
İskit,M
İslim,F
İslimî,F
İslâm,M
İsmail,M
İsmet,U
İsmican,F
İsmigül,F
İsmihan,F
İsminaz,F
İsminur,F
İsrafil,M
İstemihan,M
İstikbal,U
İstiklâl,U
İsvan,M
İtibar,F
İvecen,M
İvegen,M
İyem,U
İyicil,M
İyidoğan,M
İyigün,M
İyimser,U
İyiol,M
İyisan,M
İyisoy,M
İyiyürek,M
İzboğa,M
İzbudak,M
İzbudun,M
İzbul,M
İzbörü,M
İzel,F
İzem,U
İzgi,U
İzgü,M
İzgül,F
İzgün,F
İzzet,M
İzzettin,M
İçaçan,M
İçim,F
İçimbike,F
İçli,U
İçten,U
İçöz,M
İğdemir,M
İşcan,M
İşgüden,M
İşgüder,M
İşkur,M
İşman,M
İşmen,M
İşseven,M
İşsever,M
İşvekâr,F
Şaban,M
Şad ,M
Şadan,U
Şader,M
Şadi,M
Şadiye,F
Şaduman,F
Şadıman,U
Şafak,U
Şafaknur,F
Şafi,M
Şafiye,F
Şah,M
Şahabettin,M
Şahadet,M
Şahadettin,M
Şahamet,U
Şahan,M
Şahane,F
Şahap,M
Şahat,M
Şahbanu,F
Şahbaz,M
Şahbey,M
Şahdane,F
Şahdar,M
Şahende,F
Şaheser,F
Şahhanım,F
Şahika,F
Şahin,M
Şahinalp,M
Şahinbay,M
Şahinbey,M
Şahiner,M
Şahinhan,M
Şahinkan,M
Şahinter,M
Şahistan,M
Şahittin,M
Şahlan,M
Şahmelek,F
Şahnaz,F
Şahnisa,F
Şahnur,F
Şahruh,M
Şahsüvar,M
Şahsınur,F
Şahvar,F
Şahvelet,M
Şahver,F
Şahzade,M
Şahzat,M
Şahıgül,F
Şaik,M
Şaika,F
Şair,M
Şaire,F
Şakar,U
Şakayık,F
Şakir,M
Şakire,F
Şamih,M
Şamiha,F
Şamil,M
Şamile,F
Şan,U
Şanal,U
Şanalp,M
Şaner,M
Şanlı,M
Şanlıbay,M
Şansal,U
Şansel,F
Şanser,F
Şanver,M
Şar,M
Şarbay,M
Şarika,F
Şarık,M
Şatır,M
Şayan,U
Şayegân,F
Şayeste,U
Şaylan,U
Şazi,M
Şaziment,F
Şaziye,F
Şebap,M
Şebnem,F
Şebnur,F
Şecaat,M
Şefaat,U
Şefaattin,M
Şefik,M
Şefika,F
Şefkat,U
Şeh,M
Şehadet,M
Şehadettin,M
Şehamet,M
Şehbal,F
Şehim,M
Şehime,F
Şehinşah,M
Şehlevent,M
Şehmuz,M
Şehnaz,F
Şehper,F
Şehrazat,F
Şehriban,F
Şehrinaz,F
Şehriye,F
Şehriyâr,F
Şehsüvar,M
Şehvar,F
Şehzade,M
Şehzat,M
Şehâlem,M
Şeker,F
Şekernaz,F
Şekerpare,F
Şekibe,F
Şekime,F
Şekip,M
Şekûr,M
Şekûre,F
Şelâle,F
Şemail,M
Şemdin,M
Şemi,M
Şemim,M
Şemime,F
Şeminur,F
Şems,M
Şemsettin,M
Şemsi,M
Şemsifer,F
Şemsinisa,F
Şemsiye,F
Şen,U
Şenal,M
Şenalp,M
Şenaltan,M
Şenay,U
Şenbay,M
Şencan,U
Şendağ,F
Şendeniz,F
Şendil,F
Şendoğan,U
Şendur,M
Şenel,M
Şener,M
Şengeldi,U
Şengil,U
Şengönül,F
Şengül,U
Şengün,U
Şeniz,U
Şenkal,U
Şenlen,M
Şenlik,M
Şennur,F
Şenol,U
Şensal,M
Şensen,M
Şensoy,M
Şensu,F
Şentürk,M
Şenyaşar,M
Şenyer,F
Şenyurt,M
Şenyüz,F
Şenyıl,F
Şenöz,F
Şerafet,M
Şerafettin,M
Şerbet,F
Şeref,U
Şerefhan,M
Şerefnaz,F
Şerefnur,F
Şeremet,F
Şeren,M
Şerif,M
Şerife,F
Şermende,F
Şermin,F
Şetaret,F
Şevket,M
Şevketfeza,F
Şevki,M
Şevkidil,F
Şevkinaz,F
Şevkinur,F
Şevkiye,F
Şevval,F
Şeyda,U
Şeydagül,F
Şeydanur,F
Şeyma,F
Şeyyat,M
Şeşen,M
Şide,M
Şifa,F
Şiir,F
Şimşad,M
Şimşek,M
Şimşeker,M
Şimşekhan,M
Şimşekkan,M
Şinasi,M
Şinaver,M
Şipal,M
Şirin,F
Şirinbegim,F
Şirinbige,F
Şirinşah,F
Şirvan,M
Şirzat,M
Şive,F
Şivekâr,F
Şuayp,M
Şule,F
Şungar,M
Şöhret,F
Şölen,U
Şükran,U
Şükrettin,M
Şükriye,F
Şükrü,M
Şükûfe,F
Şınık,M
Şıray,F
